{
  "latent_dim": 16,
  "lstm_hidden": 128,
  "lstm_layers": 1,
  "dropout": 0.0,
  "lr": 0.001,
  "batch_size": 64,
  "threshold_method": "percentile_90",
  "accuracy_mean": 0.3053461891069717,
  "accuracy_std": 0.002338939787688061,
  "precision_mean": 0.6947930239996563,
  "precision_std": 0.012367173034935413,
  "recall_mean": 0.09145236613939457,
  "recall_std": 0.0016188350940598694,
  "dr_mean": 0.09145236613939457,
  "dr_std": 0.0016188350940598694,
  "f1_mean": 0.16162907960390327,
  "f1_std": 0.0028346088014927174,
  "fpr_mean": 0.10984910374166772,
  "fpr_std": 0.004766691339138772,
  "fnr_mean": 0.9085476338606053,
  "fnr_std": 0.0016188350940598954,
  "roc_auc_mean": 0.4474808977245193,
  "roc_auc_std": 0.011210108999336606,
  "pr_auc_mean": 0.7076495108713869,
  "pr_auc_std": 0.005675544893062359,
  "mre_mean": 668.0726725260416,
  "mre_std": 16.349812464278724,
  "recon_var_mean": 29228190.666666668,
  "recon_var_std": 9628969.158876954,
  "train_kl_last_mean": NaN,
  "train_kl_last_std": NaN,
  "train_total_last_mean": NaN,
  "train_total_last_std": NaN,
  "train_recon_last_mean": NaN,
  "train_recon_last_std": NaN,
  "val_kl_last_mean": NaN,
  "val_kl_last_std": NaN,
  "val_total_last_mean": NaN,
  "val_total_last_std": NaN,
  "val_recon_last_mean": NaN,
  "val_recon_last_std": NaN,
  "threshold_mean": 901.7954508463541,
  "threshold_std": 44.79233795320029,
  "epochs_mean": 25.0,
  "epochs_std": 6.164414002968976,
  "training_loss_curve_stability_mean": NaN,
  "training_loss_curve_stability_std": NaN,
  "accuracy_pct_mean": 30.534618910697173,
  "accuracy_pct_std": 0.2338939787688056,
  "precision_pct_mean": 69.47930239996562,
  "precision_pct_std": 1.2367173034935366,
  "recall_pct_mean": 9.145236613939458,
  "recall_pct_std": 0.16188350940598722,
  "dr_pct_mean": 9.145236613939458,
  "dr_pct_std": 0.16188350940598722,
  "f1_pct_mean": 16.162907960390328,
  "f1_pct_std": 0.2834608801492721,
  "seed": 4042
}