{
  "latent_dim": 64,
  "lstm_hidden": 128,
  "lstm_layers": 2,
  "dropout": 0.0,
  "lr": 0.0005,
  "batch_size": 64,
  "threshold_method": "percentile_95",
  "accuracy_mean": 0.4759761616376988,
  "accuracy_std": 0.0015205203329604815,
  "precision_mean": 0.06611958547322501,
  "precision_std": 0.013062927984141002,
  "recall_mean": 0.0036666666666666666,
  "recall_std": 0.0008944271909999159,
  "dr_mean": 0.0036666666666666666,
  "dr_std": 0.0008944271909999159,
  "f1_mean": 0.006946398751415663,
  "f1_std": 0.0016772903682489154,
  "fpr_mean": 0.051430730412472356,
  "fpr_std": 0.003428275736108544,
  "fnr_mean": 0.9963333333333331,
  "fnr_std": 0.000894427190999925,
  "roc_auc_mean": 0.084487309427062,
  "roc_auc_std": 0.002130782605006787,
  "pr_auc_mean": 0.3168208849833589,
  "pr_auc_std": 0.0003477842931155184,
  "mre_mean": 515.1663024902343,
  "mre_std": 17.005097375573232,
  "recon_var_mean": 5709510.25,
  "recon_var_std": 1709980.6270762105,
  "train_kl_last_mean": 37.89870948791504,
  "train_kl_last_std": 11.257636577707604,
  "train_total_last_mean": 1022.9319091796875,
  "train_total_last_std": 88.1725930080893,
  "train_recon_last_mean": 985.0333129882813,
  "train_recon_last_std": 82.88441803947289,
  "val_kl_last_mean": 26.43237724304199,
  "val_kl_last_std": 6.496222614797652,
  "val_total_last_mean": 1004.7650512695312,
  "val_total_last_std": 98.05487156282726,
  "val_recon_last_mean": 978.3327026367188,
  "val_recon_last_std": 98.89741989550596,
  "threshold_mean": 1626.543359375,
  "threshold_std": 187.5863270746267,
  "epochs_mean": 31.6,
  "epochs_std": 9.520504188329523,
  "training_loss_curve_stability_mean": 62.39922198071379,
  "training_loss_curve_stability_std": 16.420740336320332,
  "accuracy_pct_mean": 47.59761616376987,
  "accuracy_pct_std": 0.15205203329604702,
  "precision_pct_mean": 6.6119585473225015,
  "precision_pct_std": 1.3062927984141,
  "recall_pct_mean": 0.3666666666666667,
  "recall_pct_std": 0.08944271909999157,
  "dr_pct_mean": 0.3666666666666667,
  "dr_pct_std": 0.08944271909999157,
  "f1_pct_mean": 0.6946398751415662,
  "f1_pct_std": 0.1677290368248915,
  "seed": 4042
}