{
  "latent_dim": 8,
  "lstm_hidden": 32,
  "lstm_layers": 3,
  "dropout": 0.2,
  "lr": 0.001,
  "batch_size": 32,
  "threshold_method": "percentile_95",
  "accuracy_mean": 0.47577606159879593,
  "accuracy_std": 0.0029952883693224355,
  "precision_mean": 0.05964998133384793,
  "precision_std": 0.01743756465409959,
  "recall_mean": 0.0032,
  "recall_std": 0.000832666399786453,
  "dr_mean": 0.0032,
  "dr_std": 0.000832666399786453,
  "f1_mean": 0.006072298347512307,
  "f1_std": 0.0015898846801806082,
  "fpr_mean": 0.051364219471867534,
  "fpr_std": 0.00550579967414997,
  "fnr_mean": 0.9967999999999997,
  "fnr_std": 0.0008326663997864591,
  "roc_auc_mean": 0.1485921154134619,
  "roc_auc_std": 0.009385538872307414,
  "pr_auc_mean": 0.33015483073736446,
  "pr_auc_std": 0.002708298889835115,
  "mre_mean": 655.030908203125,
  "mre_std": 44.211658039945505,
  "recon_var_mean": 8357224.3,
  "recon_var_std": 4358696.431853056,
  "train_kl_last_mean": 12.581353569030762,
  "train_kl_last_std": 1.0248262281338032,
  "train_total_last_mean": 1051.8148803710938,
  "train_total_last_std": 29.006261116118996,
  "train_recon_last_mean": 1039.2335693359375,
  "train_recon_last_std": 29.80860956182849,
  "val_kl_last_mean": 12.52973461151123,
  "val_kl_last_std": 0.7033265494393836,
  "val_total_last_mean": 1082.1182006835938,
  "val_total_last_std": 70.94604061547855,
  "val_recon_last_mean": 1069.5885131835937,
  "val_recon_last_std": 71.23200273084694,
  "threshold_mean": 2372.725048828125,
  "threshold_std": 38.93051264216631,
  "epochs_mean": 21.4,
  "epochs_std": 1.8547236990991407,
  "training_loss_curve_stability_mean": 10.918095697249743,
  "training_loss_curve_stability_std": 6.665348967864207,
  "accuracy_pct_mean": 47.5776061598796,
  "accuracy_pct_std": 0.299528836932244,
  "precision_pct_mean": 5.9649981333847935,
  "precision_pct_std": 1.743756465409959,
  "recall_pct_mean": 0.32,
  "recall_pct_std": 0.0832666399786453,
  "dr_pct_mean": 0.32,
  "dr_pct_std": 0.0832666399786453,
  "f1_pct_mean": 0.6072298347512308,
  "f1_pct_std": 0.15898846801806085,
  "seed": 1042
}