{
  "latent_dim": 32,
  "lstm_hidden": 64,
  "lstm_layers": 1,
  "dropout": 0.2,
  "lr": 0.001,
  "batch_size": 128,
  "threshold_method": "percentile_80",
  "accuracy_mean": 0.34255588719423263,
  "accuracy_std": 0.0009620154050145894,
  "precision_mean": 0.7046690582049792,
  "precision_std": 0.008728573817549363,
  "recall_mean": 0.17601854090138394,
  "recall_std": 0.006801910495143712,
  "dr_mean": 0.17601854090138394,
  "dr_std": 0.006801910495143712,
  "f1_mean": 0.2815611947857963,
  "f1_std": 0.008081591688673657,
  "fpr_mean": 0.2021131779304763,
  "fpr_std": 0.016024194905498484,
  "fnr_mean": 0.8239814590986159,
  "fnr_std": 0.00680191049514374,
  "roc_auc_mean": 0.4467701777682774,
  "roc_auc_std": 0.0051864060620337325,
  "pr_auc_mean": 0.7077510819252973,
  "pr_auc_std": 0.003638633141627881,
  "mre_mean": 691.093505859375,
  "mre_std": 26.706036137847498,
  "recon_var_mean": 28761211.666666668,
  "recon_var_std": 9009790.478663543,
  "train_kl_last_mean": 17.31894365946452,
  "train_kl_last_std": 0.08340220876621408,
  "train_total_last_mean": 741.7496337890625,
  "train_total_last_std": 34.77116842804352,
  "train_recon_last_mean": 724.4307861328125,
  "train_recon_last_std": 34.73366241682961,
  "val_kl_last_mean": 17.213099161783855,
  "val_kl_last_std": 0.4904935007680844,
  "val_total_last_mean": 988.4063924153646,
  "val_total_last_std": 214.43798020925047,
  "val_recon_last_mean": 971.1932983398438,
  "val_recon_last_std": 214.48198913474172,
  "threshold_mean": 686.7637125651041,
  "threshold_std": 15.947684666701473,
  "epochs_mean": 35.0,
  "epochs_std": 0.0,
  "training_loss_curve_stability_mean": 4.343791954201783,
  "training_loss_curve_stability_std": 1.1873915549073857,
  "accuracy_pct_mean": 34.255588719423265,
  "accuracy_pct_std": 0.09620154050145865,
  "precision_pct_mean": 70.46690582049793,
  "precision_pct_std": 0.8728573817549384,
  "recall_pct_mean": 17.6018540901384,
  "recall_pct_std": 0.6801910495143714,
  "dr_pct_mean": 17.6018540901384,
  "dr_pct_std": 0.6801910495143714,
  "f1_pct_mean": 28.156119478579626,
  "f1_pct_std": 0.8081591688673652,
  "seed": 3042
}