{
  "FedAvg-IID": {
    "final_accuracy": 0.5941320061683655,
    "final_f1": 0.5879572336724187,
    "time": 407.64398288726807
  },
  "FedAvg-NonIID": {
    "final_accuracy": 0.38097354769706726,
    "final_f1": 0.27864535606803886,
    "time": 497.6384153366089
  },
  "SCAFFOLD-NonIID": {
    "final_accuracy": 0.10913536697626114,
    "final_f1": 0.09586086446729825,
    "time": 591.7479486465454
  },
  "FLAME-NonIID": {
    "final_accuracy": 0.2985107898712158,
    "final_f1": 0.23707897074932352,
    "time": 661.6673848628998
  }
}