{
  "latent_dim": 16,
  "lstm_hidden": 64,
  "lstm_layers": 2,
  "dropout": 0.0,
  "lr": 0.001,
  "batch_size": 128,
  "threshold_method": "mean_std_2",
  "accuracy_mean": 0.26963635037713046,
  "accuracy_std": 0.0019632502140599093,
  "precision_mean": 0.6683142827721141,
  "precision_std": 0.04390498909407139,
  "recall_mean": 0.004325231025336819,
  "recall_std": 0.004185309369158773,
  "dr_mean": 0.004325231025336819,
  "dr_std": 0.004185309369158773,
  "f1_mean": 0.008551156133693548,
  "f1_std": 0.00823840499810113,
  "fpr_mean": 0.00497947921845152,
  "fpr_std": 0.004076101322738982,
  "fnr_mean": 0.9956747689746631,
  "fnr_std": 0.004185309369158789,
  "roc_auc_mean": 0.4303089565442233,
  "roc_auc_std": 0.009196449337630482,
  "pr_auc_mean": 0.6982603574171894,
  "pr_auc_std": 0.004725042153610603,
  "mre_mean": 705.0887451171875,
  "mre_std": 9.86225842652238,
  "recon_var_mean": 29467865.333333332,
  "recon_var_std": 9856664.245333757,
  "train_kl_last_mean": 10.100660483042398,
  "train_kl_last_std": 2.4518811994606624,
  "train_total_last_mean": 837.5420735677084,
  "train_total_last_std": 91.12639253052734,
  "train_recon_last_mean": 827.4413859049479,
  "train_recon_last_std": 91.10763975468893,
  "val_kl_last_mean": 9.709839344024658,
  "val_kl_last_std": 3.317804537638918,
  "val_total_last_mean": 842.6873982747396,
  "val_total_last_std": 45.23402425074199,
  "val_recon_last_mean": 832.9775797526041,
  "val_recon_last_std": 45.753007623341944,
  "threshold_mean": 13747.68701171875,
  "threshold_std": 5323.333663868008,
  "epochs_mean": 28.666666666666668,
  "epochs_std": 4.496912521077347,
  "training_loss_curve_stability_mean": 18.064398296430763,
  "training_loss_curve_stability_std": 1.418282958624305,
  "accuracy_pct_mean": 26.963635037713047,
  "accuracy_pct_std": 0.19632502140599128,
  "precision_pct_mean": 66.8314282772114,
  "precision_pct_std": 4.390498909407141,
  "recall_pct_mean": 0.4325231025336819,
  "recall_pct_std": 0.4185309369158773,
  "dr_pct_mean": 0.4325231025336819,
  "dr_pct_std": 0.4185309369158773,
  "f1_pct_mean": 0.8551156133693549,
  "f1_pct_std": 0.823840499810113,
  "seed": 4042
}