{
  "latent_dim": 16,
  "lstm_hidden": 64,
  "lstm_layers": 2,
  "dropout": 0.0,
  "lr": 0.0005,
  "batch_size": 64,
  "threshold_method": "percentile_80",
  "accuracy_mean": 0.33251335062716175,
  "accuracy_std": 0.008634930250817678,
  "precision_mean": 0.6861666818160396,
  "precision_std": 0.023023124281851735,
  "recall_mean": 0.16275840462240898,
  "recall_std": 0.008812283083237912,
  "dr_mean": 0.16275840462240898,
  "dr_std": 0.008812283083237912,
  "f1_mean": 0.2630531199919303,
  "f1_std": 0.012806606983755622,
  "fpr_mean": 0.2033640749294999,
  "fpr_std": 0.014907636751718703,
  "fnr_mean": 0.8372415953775909,
  "fnr_std": 0.00881228308323792,
  "roc_auc_mean": 0.434439484871175,
  "roc_auc_std": 0.01058382351698678,
  "pr_auc_mean": 0.6998480148305068,
  "pr_auc_std": 0.006749151039782269,
  "mre_mean": 684.2961018880209,
  "mre_std": 68.22227873235565,
  "recon_var_mean": 27165844.833333332,
  "recon_var_std": 24936341.533626262,
  "train_kl_last_mean": 9.725162029266357,
  "train_kl_last_std": 2.34296367534689,
  "train_total_last_mean": 793.0125732421875,
  "train_total_last_std": 100.67436780668659,
  "train_recon_last_mean": 783.2874552408854,
  "train_recon_last_std": 102.94405104925276,
  "val_kl_last_mean": 9.607013861338297,
  "val_kl_last_std": 2.309675062679118,
  "val_total_last_mean": 851.4904581705729,
  "val_total_last_std": 182.51425321688424,
  "val_recon_last_mean": 841.8834838867188,
  "val_recon_last_std": 180.94727310931276,
  "threshold_mean": 706.6762084960938,
  "threshold_std": 34.57275086788925,
  "epochs_mean": 30.333333333333332,
  "epochs_std": 6.599663291074443,
  "training_loss_curve_stability_mean": 14.75448131466427,
  "training_loss_curve_stability_std": 4.156047821225471,
  "accuracy_pct_mean": 33.25133506271617,
  "accuracy_pct_std": 0.8634930250817655,
  "precision_pct_mean": 68.61666818160394,
  "precision_pct_std": 2.302312428185177,
  "recall_pct_mean": 16.275840462240897,
  "recall_pct_std": 0.8812283083237907,
  "dr_pct_mean": 16.275840462240897,
  "dr_pct_std": 0.8812283083237907,
  "f1_pct_mean": 26.305311999193027,
  "f1_pct_std": 1.2806606983755622,
  "seed": 1042
}