{
  "latent_dim": 32,
  "lstm_hidden": 64,
  "lstm_layers": 1,
  "dropout": 0.0,
  "lr": 0.001,
  "batch_size": 128,
  "threshold_method": "percentile_95",
  "accuracy_mean": 0.2873867410509647,
  "accuracy_std": 0.005037718287862987,
  "precision_mean": 0.7073508520270169,
  "precision_std": 0.03802530006177222,
  "recall_mean": 0.045185101720359666,
  "recall_std": 0.00592440499232661,
  "dr_mean": 0.045185101720359666,
  "dr_std": 0.00592440499232661,
  "f1_mean": 0.08491408236859656,
  "f1_std": 0.01074387415600467,
  "fpr_mean": 0.05041181713521203,
  "fpr_std": 0.003379995423491765,
  "fnr_mean": 0.9548148982796402,
  "fnr_std": 0.005924404992326598,
  "roc_auc_mean": 0.4394043714444704,
  "roc_auc_std": 0.013999813282944874,
  "pr_auc_mean": 0.7037674936329674,
  "pr_auc_std": 0.010109124631297147,
  "mre_mean": 687.6117146809896,
  "mre_std": 35.23405738809825,
  "recon_var_mean": 28101600.333333332,
  "recon_var_std": 19645600.15034434,
  "train_kl_last_mean": 16.011433601379395,
  "train_kl_last_std": 4.739866570013497,
  "train_total_last_mean": 807.60400390625,
  "train_total_last_std": 92.44877311809051,
  "train_recon_last_mean": 791.5925089518229,
  "train_recon_last_std": 95.11747809236243,
  "val_kl_last_mean": 15.766129493713379,
  "val_kl_last_std": 4.717353878540783,
  "val_total_last_mean": 760.6858723958334,
  "val_total_last_std": 96.98871019449682,
  "val_recon_last_mean": 744.9197591145834,
  "val_recon_last_std": 101.56144344394448,
  "threshold_mean": 1382.6728108723958,
  "threshold_std": 40.936233675924214,
  "epochs_mean": 31.0,
  "epochs_std": 5.656854249492381,
  "training_loss_curve_stability_mean": 19.816657022339655,
  "training_loss_curve_stability_std": 8.440884462761794,
  "accuracy_pct_mean": 28.738674105096468,
  "accuracy_pct_std": 0.5037718287862981,
  "precision_pct_mean": 70.73508520270168,
  "precision_pct_std": 3.802530006177224,
  "recall_pct_mean": 4.518510172035968,
  "recall_pct_std": 0.5924404992326612,
  "dr_pct_mean": 4.518510172035968,
  "dr_pct_std": 0.5924404992326612,
  "f1_pct_mean": 8.491408236859655,
  "f1_pct_std": 1.0743874156004676,
  "seed": 7042
}