{
  "latent_dim": 32,
  "lstm_hidden": 64,
  "lstm_layers": 1,
  "dropout": 0.2,
  "lr": 0.001,
  "batch_size": 128,
  "threshold_method": "percentile_99",
  "accuracy_mean": 0.27163635558611493,
  "accuracy_std": 0.0010749636463805727,
  "precision_mean": 0.6941256858605115,
  "precision_std": 0.05655908953685909,
  "recall_mean": 0.00944695742439604,
  "recall_std": 0.0016810821768680948,
  "dr_mean": 0.00944695742439604,
  "dr_std": 0.0016810821768680948,
  "f1_mean": 0.018631819357337275,
  "f1_std": 0.0032703547653837855,
  "fpr_mean": 0.011513321043666072,
  "fpr_std": 0.0032390585879209996,
  "fnr_mean": 0.9905530425756038,
  "fnr_std": 0.001681082176868082,
  "roc_auc_mean": 0.4467701777682774,
  "roc_auc_std": 0.0051864060620337325,
  "pr_auc_mean": 0.7077510819252973,
  "pr_auc_std": 0.003638633141627881,
  "mre_mean": 691.093505859375,
  "mre_std": 26.706036137847498,
  "recon_var_mean": 28761211.666666668,
  "recon_var_std": 9009790.478663543,
  "train_kl_last_mean": 17.31894365946452,
  "train_kl_last_std": 0.08340220876621408,
  "train_total_last_mean": 741.7496337890625,
  "train_total_last_std": 34.77116842804352,
  "train_recon_last_mean": 724.4307861328125,
  "train_recon_last_std": 34.73366241682961,
  "val_kl_last_mean": 17.213099161783855,
  "val_kl_last_std": 0.4904935007680844,
  "val_total_last_mean": 988.4063924153646,
  "val_total_last_std": 214.43798020925047,
  "val_recon_last_mean": 971.1932983398438,
  "val_recon_last_std": 214.48198913474172,
  "threshold_mean": 6188.854329427083,
  "threshold_std": 376.08647265456364,
  "epochs_mean": 35.0,
  "epochs_std": 0.0,
  "training_loss_curve_stability_mean": 4.343806126119028,
  "training_loss_curve_stability_std": 1.1873908894757093,
  "accuracy_pct_mean": 27.163635558611492,
  "accuracy_pct_std": 0.10749636463805766,
  "precision_pct_mean": 69.41256858605117,
  "precision_pct_std": 5.6559089536859135,
  "recall_pct_mean": 0.944695742439604,
  "recall_pct_std": 0.16810821768680945,
  "dr_pct_mean": 0.944695742439604,
  "dr_pct_std": 0.16810821768680945,
  "f1_pct_mean": 1.8631819357337276,
  "f1_pct_std": 0.32703547653837844,
  "seed": 3042
}