{
  "latent_dim": 16,
  "lstm_hidden": 128,
  "lstm_layers": 1,
  "dropout": 0.0,
  "lr": 0.0005,
  "batch_size": 64,
  "threshold_method": "percentile_95",
  "accuracy_mean": 0.2875950952202359,
  "accuracy_std": 0.003755989276594861,
  "precision_mean": 0.7085013659273827,
  "precision_std": 0.006981342067556861,
  "recall_mean": 0.045754308729666626,
  "recall_std": 0.0077258923147884104,
  "dr_mean": 0.045754308729666626,
  "dr_std": 0.0077258923147884104,
  "f1_mean": 0.08583194402985493,
  "f1_std": 0.01377644875523292,
  "fpr_mean": 0.05118947044779438,
  "fpr_std": 0.007148545435704299,
  "fnr_mean": 0.9542456912703332,
  "fnr_std": 0.007725892314788404,
  "roc_auc_mean": 0.44420033751220284,
  "roc_auc_std": 0.01913907429962113,
  "pr_auc_mean": 0.7054207666320581,
  "pr_auc_std": 0.011030038555583963,
  "mre_mean": 665.0442708333334,
  "mre_std": 55.85736839550227,
  "recon_var_mean": 27532934.166666668,
  "recon_var_std": 25087653.320643816,
  "train_kl_last_mean": 18.520267168680828,
  "train_kl_last_std": 5.241164797300591,
  "train_total_last_mean": 759.5229695638021,
  "train_total_last_std": 136.73119303332658,
  "train_recon_last_mean": 741.0028279622396,
  "train_recon_last_std": 141.84397851419567,
  "val_kl_last_mean": 18.520912170410156,
  "val_kl_last_std": 5.020242914708995,
  "val_total_last_mean": 848.2992757161459,
  "val_total_last_std": 158.02694451032,
  "val_recon_last_mean": 829.7784016927084,
  "val_recon_last_std": 155.91883048546381,
  "threshold_mean": 1317.8917236328125,
  "threshold_std": 143.00335788560017,
  "epochs_mean": 27.666666666666668,
  "epochs_std": 8.993825042154695,
  "training_loss_curve_stability_mean": 20.30528468530854,
  "training_loss_curve_stability_std": 10.366658246912195,
  "accuracy_pct_mean": 28.75950952202359,
  "accuracy_pct_std": 0.3755989276594853,
  "precision_pct_mean": 70.85013659273827,
  "precision_pct_std": 0.6981342067556844,
  "recall_pct_mean": 4.575430872966663,
  "recall_pct_std": 0.7725892314788412,
  "dr_pct_mean": 4.575430872966663,
  "dr_pct_std": 0.7725892314788412,
  "f1_pct_mean": 8.583194402985493,
  "f1_pct_std": 1.3776448755232924,
  "seed": 1042
}