{
  "latent_dim": 32,
  "lstm_hidden": 128,
  "lstm_layers": 1,
  "dropout": 0.0,
  "lr": 0.0005,
  "batch_size": 64,
  "threshold_method": "youden",
  "accuracy_mean": 0.30459479830812186,
  "accuracy_std": 0.04138733611080679,
  "precision_mean": 0.7461195028513735,
  "precision_std": 0.04965376391990594,
  "recall_mean": 0.08354597595253159,
  "recall_std": 0.09655219698660081,
  "dr_mean": 0.08354597595253159,
  "dr_std": 0.09655219698660081,
  "f1_mean": 0.1319563332316817,
  "f1_std": 0.14429076948143782,
  "fpr_mean": 0.09099814551215825,
  "fpr_std": 0.10962434828818801,
  "fnr_mean": 0.9164540240474682,
  "fnr_std": 0.09655219698660078,
  "roc_auc_mean": 0.45749440465943375,
  "roc_auc_std": 0.009264115665775705,
  "pr_auc_mean": 0.7126036675594695,
  "pr_auc_std": 0.005919249213779368,
  "mre_mean": 657.7803955078125,
  "mre_std": 14.068731670951653,
  "recon_var_mean": 28612549.333333332,
  "recon_var_std": 2579191.379940275,
  "train_kl_last_mean": 24.55347506205241,
  "train_kl_last_std": 1.0618460791878503,
  "train_total_last_mean": 710.7154337565104,
  "train_total_last_std": 87.0575577252716,
  "train_recon_last_mean": 686.1618855794271,
  "train_recon_last_std": 86.46003718910515,
  "val_kl_last_mean": 23.545758565266926,
  "val_kl_last_std": 0.6982253186543735,
  "val_total_last_mean": 785.9900309244791,
  "val_total_last_std": 177.70406321170495,
  "val_recon_last_mean": 762.4442749023438,
  "val_recon_last_std": 178.05899861187928,
  "threshold_mean": 2839.7942911783853,
  "threshold_std": 1721.8255644843455,
  "epochs_mean": 33.333333333333336,
  "epochs_std": 1.699673171197595,
  "training_loss_curve_stability_mean": 17.189322836525957,
  "training_loss_curve_stability_std": 8.314259943787626,
  "accuracy_pct_mean": 30.45947983081218,
  "accuracy_pct_std": 4.138733611080681,
  "precision_pct_mean": 74.61195028513735,
  "precision_pct_std": 4.965376391990589,
  "recall_pct_mean": 8.354597595253159,
  "recall_pct_std": 9.65521969866008,
  "dr_pct_mean": 8.354597595253159,
  "dr_pct_std": 9.65521969866008,
  "f1_pct_mean": 13.195633323168169,
  "f1_pct_std": 14.429076948143784,
  "seed": 6042
}