{
  "latent_dim": 16,
  "lstm_hidden": 64,
  "lstm_layers": 1,
  "dropout": 0.2,
  "lr": 0.0005,
  "batch_size": 128,
  "threshold_method": "mean_std_1.5",
  "accuracy_mean": 0.26926132433220823,
  "accuracy_std": 0.001795423295133382,
  "precision_mean": 0.6017094017094018,
  "precision_std": 0.08375196186929129,
  "recall_mean": 0.004040680954579653,
  "recall_std": 0.0037854450450969615,
  "dr_mean": 0.004040680954579653,
  "dr_std": 0.0037854450450969615,
  "f1_mean": 0.007994570303311922,
  "f1_std": 0.007457773706446364,
  "fpr_mean": 0.005601805195557766,
  "fpr_std": 0.003636601292267436,
  "fnr_mean": 0.9959593190454202,
  "fnr_std": 0.0037854450450969463,
  "roc_auc_mean": 0.42904111267296247,
  "roc_auc_std": 0.006050703726150802,
  "pr_auc_mean": 0.6987140301696361,
  "pr_auc_std": 0.0045156815849262955,
  "mre_mean": 707.0556030273438,
  "mre_std": 28.65624625502541,
  "recon_var_mean": 29028775.0,
  "recon_var_std": 15832533.939875385,
  "train_kl_last_mean": 12.934752464294434,
  "train_kl_last_std": 0.2722111400425343,
  "train_total_last_mean": 855.1318359375,
  "train_total_last_std": 45.843177612982295,
  "train_recon_last_mean": 842.1970825195312,
  "train_recon_last_std": 46.11507518652459,
  "val_kl_last_mean": 14.361205418904623,
  "val_kl_last_std": 1.2066218459083033,
  "val_total_last_mean": 685.1513875325521,
  "val_total_last_std": 32.8645207718482,
  "val_recon_last_mean": 670.7902018229166,
  "val_recon_last_std": 32.37184375693878,
  "threshold_mean": 10801.302408854166,
  "threshold_std": 3067.9051239156083,
  "epochs_mean": 35.0,
  "epochs_std": 0.0,
  "training_loss_curve_stability_mean": 3.856930350987317,
  "training_loss_curve_stability_std": 0.6929450017387709,
  "accuracy_pct_mean": 26.92613243322082,
  "accuracy_pct_std": 0.17954232951333837,
  "precision_pct_mean": 60.17094017094016,
  "precision_pct_std": 8.375196186929125,
  "recall_pct_mean": 0.40406809545796535,
  "recall_pct_std": 0.3785445045096962,
  "dr_pct_mean": 0.40406809545796535,
  "dr_pct_std": 0.3785445045096962,
  "f1_pct_mean": 0.7994570303311922,
  "f1_pct_std": 0.7457773706446366,
  "seed": 2042
}