{
  "latent_dim": 16,
  "lstm_hidden": 64,
  "lstm_layers": 2,
  "dropout": 0.0,
  "lr": 0.0005,
  "batch_size": 64,
  "threshold_method": "youden",
  "accuracy_mean": 0.4318637590115431,
  "accuracy_std": 0.21096783548570777,
  "precision_mean": 0.7021440847936179,
  "precision_std": 0.02649131366320817,
  "recall_mean": 0.3573477601744502,
  "recall_std": 0.45202601475589527,
  "dr_mean": 0.3573477601744502,
  "dr_std": 0.45202601475589527,
  "f1_mean": 0.3289589777051247,
  "f1_std": 0.3642441332267879,
  "fpr_mean": 0.3644510845246481,
  "fpr_std": 0.44815908799418613,
  "fnr_mean": 0.6426522398255496,
  "fnr_std": 0.4520260147558952,
  "roc_auc_mean": 0.43248698662676516,
  "roc_auc_std": 0.014752866092398715,
  "pr_auc_mean": 0.6998511412262415,
  "pr_auc_std": 0.009595722177581216,
  "mre_mean": 703.1531168619791,
  "mre_std": 20.99629852374464,
  "recon_var_mean": 28566731.666666668,
  "recon_var_std": 14795239.569203699,
  "train_kl_last_mean": 7.606702168782552,
  "train_kl_last_std": 1.3712327922217282,
  "train_total_last_mean": 839.5442097981771,
  "train_total_last_std": 39.484174287726844,
  "train_recon_last_mean": 831.9374186197916,
  "train_recon_last_std": 40.838870732532776,
  "val_kl_last_mean": 7.670867125193278,
  "val_kl_last_std": 1.4775622888204476,
  "val_total_last_mean": 732.8922932942709,
  "val_total_last_std": 112.25826311020273,
  "val_recon_last_mean": 725.221435546875,
  "val_recon_last_std": 112.10662201990324,
  "threshold_mean": 1101.9934565226238,
  "threshold_std": 725.967381706797,
  "epochs_mean": 28.0,
  "epochs_std": 4.96655480858378,
  "training_loss_curve_stability_mean": 16.936542496860948,
  "training_loss_curve_stability_std": 2.216656752167575,
  "accuracy_pct_mean": 43.186375901154314,
  "accuracy_pct_std": 21.096783548570773,
  "precision_pct_mean": 70.2144084793618,
  "precision_pct_std": 2.649131366320821,
  "recall_pct_mean": 35.73477601744502,
  "recall_pct_std": 45.20260147558953,
  "dr_pct_mean": 35.73477601744502,
  "dr_pct_std": 45.20260147558953,
  "f1_pct_mean": 32.89589777051247,
  "f1_pct_std": 36.42441332267879,
  "seed": 42
}