{
  "qubits": 6,
  "repeats": 5,
  "n_features_selected_mean": 40.0,
  "accuracy_mean": 0.9684973747812318,
  "accuracy_std": 0.0021628367817919797,
  "precision_mean": 0.9685805164942746,
  "precision_std": 0.0021397670055079577,
  "recall_mean": 0.9684973747812318,
  "recall_std": 0.0021628367817919797,
  "f1_mean": 0.9684959363972101,
  "f1_std": 0.002163292508083276,
  "mse_mean": 0.02399161197245121,
  "mse_std": 0.001346804463057175,
  "auc_roc_attack_mean": 0.9947261237984109,
  "auc_roc_attack_std": 0.0005034730967527142,
  "far_benign_mean": 0.025033333333332915,
  "far_benign_std": 0.0017654083569153512,
  "far_attack_mean": 0.03797299549924924,
  "far_attack_std": 0.003568195822997084,
  "md_benign_mean": 0.03797299549924924,
  "md_benign_std": 0.003568195822997084,
  "md_attack_mean": 0.025033333333332915,
  "md_attack_std": 0.0017654083569153512,
  "qpso_time_mean_sec": 19.532471179962158,
  "qpso_time_std_sec": 0.0,
  "training_time_mean_sec": 2096.0121368408204,
  "training_time_std_sec": 92.52325444592363,
  "total_time_mean_sec": 2101.4070188045503,
  "total_time_std_sec": 92.5116305959789
}