{
  "latent_dim": 8,
  "lstm_hidden": 32,
  "lstm_layers": 3,
  "dropout": 0.2,
  "lr": 0.0005,
  "batch_size": 32,
  "threshold_method": "percentile_95",
  "accuracy_mean": 0.47607621165715014,
  "accuracy_std": 0.0017620399855392491,
  "precision_mean": 0.06141953945084033,
  "precision_std": 0.02373748546650727,
  "recall_mean": 0.0033333333333333327,
  "recall_std": 0.001282358937444756,
  "dr_mean": 0.0033333333333333327,
  "dr_std": 0.001282358937444756,
  "f1_mean": 0.0063223743698499184,
  "f1_std": 0.002430901848898257,
  "fpr_mean": 0.050896907819617865,
  "fpr_std": 0.0030778319091398923,
  "fnr_mean": 0.9966666666666664,
  "fnr_std": 0.0012823589374447537,
  "roc_auc_mean": 0.1479314813410118,
  "roc_auc_std": 0.002925266781217348,
  "pr_auc_mean": 0.32994250663297114,
  "pr_auc_std": 0.0011631864858466193,
  "mre_mean": 659.3032470703125,
  "mre_std": 27.850826433109745,
  "recon_var_mean": 7716012.45,
  "recon_var_std": 3108729.4368029456,
  "train_kl_last_mean": 12.275191116333009,
  "train_kl_last_std": 1.0492364369119045,
  "train_total_last_mean": 1048.8153076171875,
  "train_total_last_std": 40.43559778712676,
  "train_recon_last_mean": 1036.5400634765624,
  "train_recon_last_std": 41.1307718793048,
  "val_kl_last_mean": 12.575116539001465,
  "val_kl_last_std": 1.2345030594392796,
  "val_total_last_mean": 1062.4666748046875,
  "val_total_last_std": 65.99196044049152,
  "val_recon_last_mean": 1049.891552734375,
  "val_recon_last_std": 66.06604452446794,
  "threshold_mean": 2380.29208984375,
  "threshold_std": 80.09310576954881,
  "epochs_mean": 27.0,
  "epochs_std": 6.782329983125268,
  "training_loss_curve_stability_mean": 9.176288817591535,
  "training_loss_curve_stability_std": 4.111408547103266,
  "accuracy_pct_mean": 47.60762116571502,
  "accuracy_pct_std": 0.17620399855392466,
  "precision_pct_mean": 6.141953945084034,
  "precision_pct_std": 2.3737485466507264,
  "recall_pct_mean": 0.33333333333333337,
  "recall_pct_std": 0.1282358937444756,
  "dr_pct_mean": 0.33333333333333337,
  "dr_pct_std": 0.1282358937444756,
  "f1_pct_mean": 0.6322374369849919,
  "f1_pct_std": 0.24309018488982564,
  "seed": 42
}