{
  "latent_dim": 32,
  "lstm_hidden": 128,
  "lstm_layers": 1,
  "dropout": 0.0,
  "lr": 0.0005,
  "batch_size": 64,
  "threshold_method": "percentile_99.5",
  "accuracy_mean": 0.2689695586948369,
  "accuracy_std": 0.0003715894342195326,
  "precision_mean": 0.6420068027210885,
  "precision_std": 0.066547831288238,
  "recall_mean": 0.003983671844838691,
  "recall_std": 0.0007680168851546782,
  "dr_mean": 0.003983671844838691,
  "dr_std": 0.0007680168851546782,
  "f1_mean": 0.007914376549846456,
  "f1_std": 0.0015147625719583494,
  "fpr_mean": 0.006534350142815458,
  "fpr_std": 0.0028758045458315003,
  "fnr_mean": 0.9960163281551612,
  "fnr_std": 0.0007680168851546838,
  "roc_auc_mean": 0.45749440465943375,
  "roc_auc_std": 0.009264115665775705,
  "pr_auc_mean": 0.7126036675594695,
  "pr_auc_std": 0.005919249213779368,
  "mre_mean": 657.7803955078125,
  "mre_std": 14.068731670951653,
  "recon_var_mean": 28612549.333333332,
  "recon_var_std": 2579191.379940275,
  "train_kl_last_mean": 24.55347506205241,
  "train_kl_last_std": 1.0618460791878503,
  "train_total_last_mean": 710.7154337565104,
  "train_total_last_std": 87.0575577252716,
  "train_recon_last_mean": 686.1618855794271,
  "train_recon_last_std": 86.46003718910515,
  "val_kl_last_mean": 23.545758565266926,
  "val_kl_last_std": 0.6982253186543735,
  "val_total_last_mean": 785.9900309244791,
  "val_total_last_std": 177.70406321170495,
  "val_recon_last_mean": 762.4442749023438,
  "val_recon_last_std": 178.05899861187928,
  "threshold_mean": 7890.77734375,
  "threshold_std": 1288.826580869743,
  "epochs_mean": 33.333333333333336,
  "epochs_std": 1.699673171197595,
  "training_loss_curve_stability_mean": 17.189322836525957,
  "training_loss_curve_stability_std": 8.314259943787626,
  "accuracy_pct_mean": 26.896955869483687,
  "accuracy_pct_std": 0.03715894342195319,
  "precision_pct_mean": 64.20068027210884,
  "precision_pct_std": 6.654783128823803,
  "recall_pct_mean": 0.39836718448386904,
  "recall_pct_std": 0.07680168851546781,
  "dr_pct_mean": 0.39836718448386904,
  "dr_pct_std": 0.07680168851546781,
  "f1_pct_mean": 0.7914376549846455,
  "f1_pct_std": 0.15147625719583496,
  "seed": 6042
}