{
  "accuracy": 0.9449120760063339,
  "precision": 0.945033331952724,
  "recall": 0.9449120760063339,
  "f1_score": 0.9449083635911473,
  "mse": 0.039958372712135315,
  "training_time_sec": 1776.7583594322205,
  "inference_time_sec": 3.7160375118255615,
  "qpso_time_sec": 19.048180103302002,
  "total_time_sec": 1799.522577047348,
  "memory_mb": 24.843579292297363,
  "far_per_class": {
    "Attack": 0.04684114019003089,
    "Benign": 0.06333333333333228
  },
  "missed_detections_per_class": {
    "Attack": {
      "count": 380,
      "rate": 0.06333333333333228
    },
    "Benign": {
      "count": 281,
      "rate": 0.04684114019003089
    }
  },
  "auc_roc_per_class": {
    "Attack": 0.988720231149636,
    "Benign": 0.9887202311496359
  },
  "confusion_matrix": [
    [
      5620,
      380
    ],
    [
      281,
      5718
    ]
  ]
}