{
  "trial": 0,
  "lstm_units": 256,
  "attention_heads": 2,
  "dropout_rate": 0.2,
  "latent_dim": 64,
  "learning_rate": 0.001,
  "batch_size": 32,
  "num_features_to_select": 40,
  "qubits": 6,
  "feature_method": "qpso",
  "subsample_size": 80000,
  "time_steps": 10,
  "n_features_selected": 40,
  "val_best_accuracy": 0.9477412700653076,
  "test_accuracy": 0.9449120760063339,
  "test_precision": 0.945033331952724,
  "test_recall": 0.9449120760063339,
  "test_f1": 0.9449083635911473,
  "test_mse": 0.039958372712135315,
  "epochs_trained": 32
}