{
  "heterogeneity": "non_iid_quantity",
  "dirichlet_alpha": 0.1,
  "accuracy": 0.9162430202516877,
  "precision": 0.917789799356363,
  "recall": 0.9162430202516877,
  "f1_score": 0.9161656587307112,
  "auc_attack": 0.9708209701616937,
  "time_sec": 6004.032474994659
}