{
  "latent_dim": 16,
  "lstm_hidden": 64,
  "lstm_layers": 1,
  "dropout": 0.0,
  "lr": 0.001,
  "batch_size": 64,
  "threshold_method": "percentile_95",
  "accuracy_mean": 0.28780379839146564,
  "accuracy_std": 0.0034112648795388183,
  "precision_mean": 0.7026675390708913,
  "precision_std": 0.008684733538044064,
  "recall_mean": 0.04717784601901637,
  "recall_std": 0.0067728061529647434,
  "dr_mean": 0.04717784601901637,
  "dr_std": 0.0067728061529647434,
  "f1_mean": 0.08832721378777682,
  "f1_std": 0.011996216138355416,
  "fpr_mean": 0.05430204435172729,
  "fpr_std": 0.005932805882426124,
  "fnr_mean": 0.9528221539809835,
  "fnr_std": 0.006772806152964721,
  "roc_auc_mean": 0.4480999943121639,
  "roc_auc_std": 0.021280677628733324,
  "pr_auc_mean": 0.7069506079970339,
  "pr_auc_std": 0.009729856994001177,
  "mre_mean": 681.9375203450521,
  "mre_std": 30.488035752036218,
  "recon_var_mean": 29408894.666666668,
  "recon_var_std": 2587867.737093395,
  "train_kl_last_mean": 19.070980707804363,
  "train_kl_last_std": 3.2392028851226127,
  "train_total_last_mean": 772.1132609049479,
  "train_total_last_std": 127.42117750252865,
  "train_recon_last_mean": 753.5354817708334,
  "train_recon_last_std": 131.3146536666545,
  "val_kl_last_mean": 18.330426851908367,
  "val_kl_last_std": 3.9681740295808328,
  "val_total_last_mean": 840.8127034505209,
  "val_total_last_std": 186.45711409558425,
  "val_recon_last_mean": 822.9077962239584,
  "val_recon_last_std": 184.30171643303603,
  "threshold_mean": 1378.392822265625,
  "threshold_std": 176.56333889064283,
  "epochs_mean": 25.666666666666668,
  "epochs_std": 11.14550233153366,
  "training_loss_curve_stability_mean": 14.618188515873067,
  "training_loss_curve_stability_std": 2.8591927257708205,
  "accuracy_pct_mean": 28.780379839146562,
  "accuracy_pct_std": 0.34112648795388206,
  "precision_pct_mean": 70.26675390708913,
  "precision_pct_std": 0.8684733538044065,
  "recall_pct_mean": 4.717784601901637,
  "recall_pct_std": 0.6772806152964744,
  "dr_pct_mean": 4.717784601901637,
  "dr_pct_std": 0.6772806152964744,
  "f1_pct_mean": 8.832721378777684,
  "f1_pct_std": 1.199621613835542,
  "seed": 6042
}