{
  "latent_dim": 64,
  "lstm_hidden": 64,
  "lstm_layers": 2,
  "dropout": 0.4,
  "lr": 0.0001,
  "batch_size": 32,
  "threshold_method": "percentile_95",
  "accuracy_mean": 0.4761427560367542,
  "accuracy_std": 0.0038475386087293024,
  "precision_mean": 0.06180980716313252,
  "precision_std": 0.021392839660954448,
  "recall_mean": 0.003333333333333333,
  "recall_std": 0.0010954451150103324,
  "dr_mean": 0.003333333333333333,
  "dr_std": 0.0010954451150103324,
  "f1_mean": 0.0063205036646180515,
  "f1_std": 0.002079334642533795,
  "fpr_mean": 0.050764264094257786,
  "fpr_std": 0.007769275816441566,
  "fnr_mean": 0.9966666666666664,
  "fnr_std": 0.0010954451150103196,
  "roc_auc_mean": 0.13646397112728184,
  "roc_auc_std": 0.005240288559626901,
  "pr_auc_mean": 0.32696008792789505,
  "pr_auc_std": 0.0014029695034375755,
  "mre_mean": 631.5466430664062,
  "mre_std": 42.76110957134035,
  "recon_var_mean": 7076788.725,
  "recon_var_std": 3132215.2610687222,
  "train_kl_last_mean": 20.999449157714842,
  "train_kl_last_std": 0.8329657487427166,
  "train_total_last_mean": 1022.9850830078125,
  "train_total_last_std": 22.53813752250168,
  "train_recon_last_mean": 1001.9856811523438,
  "train_recon_last_std": 22.75927885658665,
  "val_kl_last_mean": 21.971742630004883,
  "val_kl_last_std": 0.8075362112305153,
  "val_total_last_mean": 1047.1208129882812,
  "val_total_last_std": 45.30523666907448,
  "val_recon_last_mean": 1025.1490356445313,
  "val_recon_last_std": 45.08770671355688,
  "threshold_mean": 2258.147119140625,
  "threshold_std": 88.85702885476034,
  "epochs_mean": 49.6,
  "epochs_std": 0.7999999999999999,
  "training_loss_curve_stability_mean": 5.863411179999542,
  "training_loss_curve_stability_std": 0.7890624563312874,
  "accuracy_pct_mean": 47.61427560367541,
  "accuracy_pct_std": 0.3847538608729294,
  "precision_pct_mean": 6.180980716313252,
  "precision_pct_std": 2.1392839660954444,
  "recall_pct_mean": 0.33333333333333337,
  "recall_pct_std": 0.10954451150103323,
  "dr_pct_mean": 0.33333333333333337,
  "dr_pct_std": 0.10954451150103323,
  "f1_pct_mean": 0.6320503664618052,
  "f1_pct_std": 0.20793346425337952,
  "seed": 3042
}