{
  "latent_dim": 16,
  "lstm_hidden": 128,
  "lstm_layers": 1,
  "dropout": 0.0,
  "lr": 0.001,
  "batch_size": 64,
  "threshold_method": "percentile_99.5",
  "accuracy_mean": 0.26896956390382126,
  "accuracy_std": 0.00047352323949781286,
  "precision_mean": 0.6174603174603175,
  "precision_std": 0.04084025501672573,
  "recall_mean": 0.004040496364756021,
  "recall_std": 0.0008167171276676825,
  "dr_mean": 0.004040496364756021,
  "dr_std": 0.0008167171276676825,
  "f1_mean": 0.008027377052003433,
  "f1_std": 0.0016163497381226379,
  "fpr_mean": 0.006690621496693246,
  "fpr_std": 0.0005832783538199818,
  "fnr_mean": 0.9959595036352438,
  "fnr_std": 0.0008167171276676713,
  "roc_auc_mean": 0.4474808977245193,
  "roc_auc_std": 0.011210108999336606,
  "pr_auc_mean": 0.7076495108713869,
  "pr_auc_std": 0.005675544893062359,
  "mre_mean": 668.0726725260416,
  "mre_std": 16.349812464278724,
  "recon_var_mean": 29228190.666666668,
  "recon_var_std": 9628969.158876954,
  "train_kl_last_mean": NaN,
  "train_kl_last_std": NaN,
  "train_total_last_mean": NaN,
  "train_total_last_std": NaN,
  "train_recon_last_mean": NaN,
  "train_recon_last_std": NaN,
  "val_kl_last_mean": NaN,
  "val_kl_last_std": NaN,
  "val_total_last_mean": NaN,
  "val_total_last_std": NaN,
  "val_recon_last_mean": NaN,
  "val_recon_last_std": NaN,
  "threshold_mean": 8164.06884765625,
  "threshold_std": 947.724566877452,
  "epochs_mean": 25.0,
  "epochs_std": 6.164414002968976,
  "training_loss_curve_stability_mean": NaN,
  "training_loss_curve_stability_std": NaN,
  "accuracy_pct_mean": 26.89695639038213,
  "accuracy_pct_std": 0.04735232394978118,
  "precision_pct_mean": 61.74603174603175,
  "precision_pct_std": 4.0840255016725715,
  "recall_pct_mean": 0.40404963647560205,
  "recall_pct_std": 0.08167171276676825,
  "dr_pct_mean": 0.40404963647560205,
  "dr_pct_std": 0.08167171276676825,
  "f1_pct_mean": 0.8027377052003434,
  "f1_pct_std": 0.1616349738122638,
  "seed": 4042
}