{
  "latent_dim": 8,
  "lstm_hidden": 32,
  "lstm_layers": 3,
  "dropout": 0.2,
  "lr": 0.0005,
  "batch_size": 32,
  "threshold_method": "percentile_95",
  "accuracy_mean": 0.4761571628061409,
  "accuracy_std": 0.0021535606429763697,
  "precision_mean": 0.051094741766744,
  "precision_std": 0.019407085223158545,
  "recall_mean": 0.0026999999999999997,
  "recall_std": 0.0010295630140987,
  "dr_mean": 0.0026999999999999997,
  "dr_std": 0.0010295630140987,
  "f1_mean": 0.005127088275909417,
  "f1_std": 0.001951483251724604,
  "fpr_mean": 0.0501725606489166,
  "fpr_std": 0.004201893509878806,
  "fnr_mean": 0.9972999999999997,
  "fnr_std": 0.0010295630140986934,
  "roc_auc_mean": 0.14946338370172832,
  "roc_auc_std": 0.0028392031804881685,
  "pr_auc_mean": 0.33028386434631785,
  "pr_auc_std": 0.000982470017700064,
  "mre_mean": 653.8301391601562,
  "mre_std": 31.913658469337896,
  "recon_var_mean": 9588306.1,
  "recon_var_std": 3823298.7440415164,
  "train_kl_last_mean": 11.24393138885498,
  "train_kl_last_std": 1.714311779590486,
  "train_total_last_mean": 1058.65390625,
  "train_total_last_std": 2.361126575939794,
  "train_recon_last_mean": 1047.4099853515625,
  "train_recon_last_std": 2.1740942760040904,
  "val_kl_last_mean": 12.245263671875,
  "val_kl_last_std": 2.097460095633916,
  "val_total_last_mean": 1038.1470092773438,
  "val_total_last_std": 46.7634017488451,
  "val_recon_last_mean": 1025.9017944335938,
  "val_recon_last_std": 46.918262885580816,
  "threshold_mean": 2290.05595703125,
  "threshold_std": 50.897842948854674,
  "epochs_mean": 28.6,
  "epochs_std": 6.590902821313632,
  "training_loss_curve_stability_mean": 16.554659438031322,
  "training_loss_curve_stability_std": 4.4702451010767446,
  "accuracy_pct_mean": 47.615716280614095,
  "accuracy_pct_std": 0.21535606429763696,
  "precision_pct_mean": 5.109474176674399,
  "precision_pct_std": 1.9407085223158547,
  "recall_pct_mean": 0.26999999999999996,
  "recall_pct_std": 0.10295630140987,
  "dr_pct_mean": 0.26999999999999996,
  "dr_pct_std": 0.10295630140987,
  "f1_pct_mean": 0.5127088275909417,
  "f1_pct_std": 0.1951483251724604,
  "seed": 42
}