{
  "latent_dim": 16,
  "lstm_hidden": 64,
  "lstm_layers": 1,
  "dropout": 0.2,
  "lr": 0.0005,
  "batch_size": 128,
  "threshold_method": "youden",
  "accuracy_mean": 0.2801367202150269,
  "accuracy_std": 0.0037130933030773143,
  "precision_mean": 0.7081764437507342,
  "precision_std": 0.03375294578278947,
  "recall_mean": 0.028170262699881876,
  "recall_std": 0.0056402039563856554,
  "dr_mean": 0.028170262699881876,
  "dr_std": 0.0056402039563856554,
  "f1_mean": 0.05413577258460448,
  "f1_std": 0.010564705982067182,
  "fpr_mean": 0.03096315002384008,
  "fpr_std": 0.0024804496228018193,
  "fnr_mean": 0.971829737300118,
  "fnr_std": 0.0056402039563856685,
  "roc_auc_mean": 0.42904111267296247,
  "roc_auc_std": 0.006050703726150802,
  "pr_auc_mean": 0.6987140301696361,
  "pr_auc_std": 0.0045156815849262955,
  "mre_mean": 707.0556030273438,
  "mre_std": 28.65624625502541,
  "recon_var_mean": 29028775.0,
  "recon_var_std": 15832533.939875385,
  "train_kl_last_mean": 12.934752464294434,
  "train_kl_last_std": 0.2722111400425343,
  "train_total_last_mean": 855.1318155924479,
  "train_total_last_std": 45.84316258555068,
  "train_recon_last_mean": 842.1970825195312,
  "train_recon_last_std": 46.11507518652459,
  "val_kl_last_mean": 14.361205418904623,
  "val_kl_last_std": 1.2066218459083033,
  "val_total_last_mean": 685.1513875325521,
  "val_total_last_std": 32.8645207718482,
  "val_recon_last_mean": 670.7902018229166,
  "val_recon_last_std": 32.37184375693878,
  "threshold_mean": 2013.2942301432292,
  "threshold_std": 343.3283083095881,
  "epochs_mean": 35.0,
  "epochs_std": 0.0,
  "training_loss_curve_stability_mean": 3.856920289515079,
  "training_loss_curve_stability_std": 0.6929399096914217,
  "accuracy_pct_mean": 28.013672021502686,
  "accuracy_pct_std": 0.3713093303077324,
  "precision_pct_mean": 70.81764437507341,
  "precision_pct_std": 3.3752945782789476,
  "recall_pct_mean": 2.817026269988188,
  "recall_pct_std": 0.5640203956385655,
  "dr_pct_mean": 2.817026269988188,
  "dr_pct_std": 0.5640203956385655,
  "f1_pct_mean": 5.413577258460449,
  "f1_pct_std": 1.0564705982067182,
  "seed": 2042
}