{
  "latent_dim": 8,
  "lstm_hidden": 256,
  "lstm_layers": 1,
  "dropout": 0.2,
  "lr": 0.0001,
  "batch_size": 128,
  "threshold_method": "mean_std_3",
  "accuracy_mean": 0.4983621295997834,
  "accuracy_std": 0.00045150612660586014,
  "precision_mean": 0.27416505063563884,
  "precision_std": 0.0378465373646742,
  "recall_mean": 0.0018,
  "recall_std": 0.0002449489742783178,
  "dr_mean": 0.0018,
  "dr_std": 0.0002449489742783178,
  "f1_mean": 0.003575916505986477,
  "f1_std": 0.0004845511929122336,
  "fpr_mean": 0.00485217602549712,
  "fpr_std": 0.0009699824029413668,
  "fnr_mean": 0.9982,
  "fnr_std": 0.00024494897427829084,
  "roc_auc_mean": 0.08532528560948391,
  "roc_auc_std": 0.0035288433147530303,
  "pr_auc_mean": 0.31723078430155816,
  "pr_auc_std": 0.00037185769174285057,
  "mre_mean": 509.52329711914064,
  "mre_std": 31.982375608125956,
  "recon_var_mean": 6297095.35,
  "recon_var_std": 2318867.975665139,
  "train_kl_last_mean": 15.832766151428222,
  "train_kl_last_std": 0.3227057942502481,
  "train_total_last_mean": 875.2186157226563,
  "train_total_last_std": 22.74822118344376,
  "train_recon_last_mean": 859.3859375,
  "train_recon_last_std": 23.03865407293241,
  "val_kl_last_mean": 16.03610153198242,
  "val_kl_last_std": 0.4079443130785898,
  "val_total_last_mean": 851.9648803710937,
  "val_total_last_std": 55.27913155168746,
  "val_recon_last_mean": 835.928759765625,
  "val_recon_last_std": 55.334696652307564,
  "threshold_mean": 8427.1181640625,
  "threshold_std": 375.83352665853215,
  "epochs_mean": 60.0,
  "epochs_std": 0.0,
  "training_loss_curve_stability_mean": 10.701211493997329,
  "training_loss_curve_stability_std": 4.229270427541622,
  "accuracy_pct_mean": 49.83621295997834,
  "accuracy_pct_std": 0.0451506126605855,
  "precision_pct_mean": 27.416505063563886,
  "precision_pct_std": 3.784653736467419,
  "recall_pct_mean": 0.18000000000000002,
  "recall_pct_std": 0.024494897427831792,
  "dr_pct_mean": 0.18000000000000002,
  "dr_pct_std": 0.024494897427831792,
  "f1_pct_mean": 0.3575916505986477,
  "f1_pct_std": 0.048455119291223356,
  "seed": 5042
}