{
  "latent_dim": 16,
  "lstm_hidden": 128,
  "lstm_layers": 1,
  "dropout": 0.2,
  "lr": 0.0005,
  "batch_size": 128,
  "threshold_method": "mean_std_2",
  "accuracy_mean": 0.269511287869317,
  "accuracy_std": 0.001000023236034617,
  "precision_mean": 0.6662423292858075,
  "precision_std": 0.07522095365796592,
  "recall_mean": 0.005576963765153635,
  "recall_std": 0.0028781916842135556,
  "dr_mean": 0.005576963765153635,
  "dr_std": 0.0028781916842135556,
  "f1_mean": 0.011029916409095114,
  "f1_std": 0.005673360365601836,
  "fpr_mean": 0.008869996902167304,
  "fpr_std": 0.005615483869914392,
  "fnr_mean": 0.9944230362348462,
  "fnr_std": 0.0028781916842135543,
  "roc_auc_mean": 0.43933863958913916,
  "roc_auc_std": 0.01039518908612689,
  "pr_auc_mean": 0.7041162750798319,
  "pr_auc_std": 0.005971830574442208,
  "mre_mean": 688.74755859375,
  "mre_std": 48.38064136884382,
  "recon_var_mean": 29226393.833333332,
  "recon_var_std": 18231951.43703471,
  "train_kl_last_mean": 14.566766421000162,
  "train_kl_last_std": 0.18076398012340728,
  "train_total_last_mean": 769.5200398763021,
  "train_total_last_std": 87.85672065636923,
  "train_recon_last_mean": 754.9532877604166,
  "train_recon_last_std": 87.82881295172389,
  "val_kl_last_mean": 14.976213455200195,
  "val_kl_last_std": 0.26492101509507593,
  "val_total_last_mean": 877.5399780273438,
  "val_total_last_std": 176.71896842253156,
  "val_recon_last_mean": 862.5637410481771,
  "val_recon_last_std": 176.98234590360852,
  "threshold_mean": 9710.484375,
  "threshold_std": 4721.1277944283565,
  "epochs_mean": 35.0,
  "epochs_std": 0.0,
  "training_loss_curve_stability_mean": 11.220174269466847,
  "training_loss_curve_stability_std": 10.868830267259648,
  "accuracy_pct_mean": 26.9511287869317,
  "accuracy_pct_std": 0.10000232360346129,
  "precision_pct_mean": 66.62423292858075,
  "precision_pct_std": 7.5220953657965905,
  "recall_pct_mean": 0.5576963765153634,
  "recall_pct_std": 0.2878191684213556,
  "dr_pct_mean": 0.5576963765153634,
  "dr_pct_std": 0.2878191684213556,
  "f1_pct_mean": 1.1029916409095115,
  "f1_pct_std": 0.5673360365601835,
  "seed": 5042
}