{
  "latent_dim": 8,
  "lstm_hidden": 32,
  "lstm_layers": 3,
  "dropout": 0.2,
  "lr": 0.001,
  "batch_size": 32,
  "threshold_method": "percentile_95",
  "accuracy_mean": 0.4763821721776237,
  "accuracy_std": 0.001886608080825665,
  "precision_mean": 0.052311835958494014,
  "precision_std": 0.018843855884932783,
  "recall_mean": 0.0028000000000000004,
  "recall_std": 0.0012589678312014173,
  "dr_mean": 0.0028000000000000004,
  "dr_std": 0.0012589678312014173,
  "f1_mean": 0.005312724103750535,
  "f1_std": 0.00236170822733309,
  "fpr_mean": 0.0498224856364166,
  "fpr_std": 0.004226012876334447,
  "fnr_mean": 0.9971999999999998,
  "fnr_std": 0.0012589678312013976,
  "roc_auc_mean": 0.14947693316682095,
  "roc_auc_std": 0.009012006154746071,
  "pr_auc_mean": 0.33037025192045244,
  "pr_auc_std": 0.002575235434675766,
  "mre_mean": 654.8039306640625,
  "mre_std": 34.56452960371304,
  "recon_var_mean": 9362973.2,
  "recon_var_std": 2532384.6903995173,
  "train_kl_last_mean": 12.838682937622071,
  "train_kl_last_std": 1.0060529278379173,
  "train_total_last_mean": 1045.0787475585937,
  "train_total_last_std": 33.61607449800112,
  "train_recon_last_mean": 1032.23994140625,
  "train_recon_last_std": 33.39244950741347,
  "val_kl_last_mean": 13.475318908691406,
  "val_kl_last_std": 1.7394873660847923,
  "val_total_last_mean": 1064.9218994140624,
  "val_total_last_std": 28.107774468233504,
  "val_recon_last_mean": 1051.4465942382812,
  "val_recon_last_std": 27.960258826423352,
  "threshold_mean": 2334.805810546875,
  "threshold_std": 38.49548666081199,
  "epochs_mean": 30.4,
  "epochs_std": 2.3323807579381204,
  "training_loss_curve_stability_mean": 11.292838756169923,
  "training_loss_curve_stability_std": 5.276090469876375,
  "accuracy_pct_mean": 47.638217217762374,
  "accuracy_pct_std": 0.1886608080825666,
  "precision_pct_mean": 5.231183595849402,
  "precision_pct_std": 1.8843855884932783,
  "recall_pct_mean": 0.28,
  "recall_pct_std": 0.12589678312014171,
  "dr_pct_mean": 0.28,
  "dr_pct_std": 0.12589678312014171,
  "f1_pct_mean": 0.5312724103750535,
  "f1_pct_std": 0.23617082273330897,
  "seed": 1042
}