{
  "latent_dim": 32,
  "lstm_hidden": 128,
  "lstm_layers": 1,
  "dropout": 0.2,
  "lr": 0.0005,
  "batch_size": 128,
  "threshold_method": "percentile_99",
  "accuracy_mean": 0.27063623057048797,
  "accuracy_std": 0.0007812810854588153,
  "precision_mean": 0.6798951539378638,
  "precision_std": 0.06785726609798166,
  "recall_mean": 0.007682511876557829,
  "recall_std": 0.0020621619294734395,
  "dr_mean": 0.007682511876557829,
  "dr_std": 0.0020621619294734395,
  "f1_mean": 0.015176476616074316,
  "f1_std": 0.004014660223274418,
  "fpr_mean": 0.010425593994532531,
  "fpr_std": 0.004596258398955576,
  "fnr_mean": 0.992317488123442,
  "fnr_std": 0.0020621619294734586,
  "roc_auc_mean": 0.43600468402456044,
  "roc_auc_std": 0.014504341325233875,
  "pr_auc_mean": 0.702498833280429,
  "pr_auc_std": 0.007501963252794713,
  "mre_mean": 691.8961791992188,
  "mre_std": 47.13889054278702,
  "recon_var_mean": 29626530.666666668,
  "recon_var_std": 18615612.051138394,
  "train_kl_last_mean": 17.232406616210938,
  "train_kl_last_std": 0.8003750510388231,
  "train_total_last_mean": 774.5019124348959,
  "train_total_last_std": 87.4607134387005,
  "train_recon_last_mean": 757.26953125,
  "train_recon_last_std": 86.70907049067752,
  "val_kl_last_mean": 17.003790537516277,
  "val_kl_last_std": 0.0925626535576252,
  "val_total_last_mean": 871.0392252604166,
  "val_total_last_std": 166.85657961664626,
  "val_recon_last_mean": 854.0354410807291,
  "val_recon_last_std": 166.89541759902423,
  "threshold_mean": 6415.520345052083,
  "threshold_std": 487.92406887251116,
  "epochs_mean": 35.0,
  "epochs_std": 0.0,
  "training_loss_curve_stability_mean": 7.362840796989372,
  "training_loss_curve_stability_std": 4.616253568838625,
  "accuracy_pct_mean": 27.063623057048797,
  "accuracy_pct_std": 0.07812810854588138,
  "precision_pct_mean": 67.98951539378638,
  "precision_pct_std": 6.785726609798169,
  "recall_pct_mean": 0.768251187655783,
  "recall_pct_std": 0.20621619294734397,
  "dr_pct_mean": 0.768251187655783,
  "dr_pct_std": 0.20621619294734397,
  "f1_pct_mean": 1.5176476616074315,
  "f1_pct_std": 0.4014660223274418,
  "seed": 5042
}