{
  "latent_dim": 16,
  "lstm_hidden": 128,
  "lstm_layers": 2,
  "dropout": 0.2,
  "lr": 0.0005,
  "batch_size": 64,
  "threshold_method": "mean_std_2",
  "accuracy_mean": 0.2703445795307747,
  "accuracy_std": 0.00047178684644809215,
  "precision_mean": 0.6851351351351352,
  "precision_std": 0.033229690345059425,
  "recall_mean": 0.006601301272762379,
  "recall_std": 0.0016030793607244302,
  "dr_mean": 0.006601301272762379,
  "dr_std": 0.0016030793607244302,
  "f1_mean": 0.013067312092616587,
  "f1_std": 0.003142875187750479,
  "fpr_mean": 0.008557454194411727,
  "fpr_std": 0.002809077652953091,
  "fnr_mean": 0.9933986987272375,
  "fnr_std": 0.0016030793607244695,
  "roc_auc_mean": 0.44532408014284236,
  "roc_auc_std": 0.009493265004210095,
  "pr_auc_mean": 0.7061696676206509,
  "pr_auc_std": 0.0024698779326707706,
  "mre_mean": 697.15478515625,
  "mre_std": 33.79359162657266,
  "recon_var_mean": 29048290.666666668,
  "recon_var_std": 10218049.101337146,
  "train_kl_last_mean": 11.982997258504232,
  "train_kl_last_std": 1.7134820749091073,
  "train_total_last_mean": 752.1315714518229,
  "train_total_last_std": 53.37234079067764,
  "train_recon_last_mean": 740.1485595703125,
  "train_recon_last_std": 55.066283685451694,
  "val_kl_last_mean": 11.914332071940104,
  "val_kl_last_std": 1.467566958671821,
  "val_total_last_mean": 1003.1004842122396,
  "val_total_last_std": 205.55049285973274,
  "val_recon_last_mean": 991.1861165364584,
  "val_recon_last_std": 204.0837589132335,
  "threshold_mean": 7157.549967447917,
  "threshold_std": 1112.5191644561162,
  "epochs_mean": 33.666666666666664,
  "epochs_std": 1.8856180831641267,
  "training_loss_curve_stability_mean": 11.44125567812703,
  "training_loss_curve_stability_std": 8.183952122488707,
  "accuracy_pct_mean": 27.034457953077467,
  "accuracy_pct_std": 0.047178684644809524,
  "precision_pct_mean": 68.5135135135135,
  "precision_pct_std": 3.3229690345059426,
  "recall_pct_mean": 0.6601301272762378,
  "recall_pct_std": 0.160307936072443,
  "dr_pct_mean": 0.6601301272762378,
  "dr_pct_std": 0.160307936072443,
  "f1_pct_mean": 1.3067312092616588,
  "f1_pct_std": 0.31428751877504796,
  "seed": 3042
}