{
  "latent_dim": 16,
  "lstm_hidden": 64,
  "lstm_layers": 2,
  "dropout": 0.0,
  "lr": 0.001,
  "batch_size": 128,
  "threshold_method": "percentile_90",
  "accuracy_mean": 0.2991375328166021,
  "accuracy_std": 0.0018845324257245866,
  "precision_mean": 0.6859775204026982,
  "precision_std": 0.01820005387403906,
  "recall_mean": 0.07915993715318852,
  "recall_std": 0.0011289406769674347,
  "dr_mean": 0.07915993715318852,
  "dr_std": 0.0011289406769674347,
  "f1_mean": 0.14191812499402637,
  "f1_std": 0.0014109215077205625,
  "fpr_mean": 0.09942510731673804,
  "fpr_std": 0.010027679575738671,
  "fnr_mean": 0.9208400628468114,
  "fnr_std": 0.0011289406769674506,
  "roc_auc_mean": 0.426121455585805,
  "roc_auc_std": 0.006038147801942721,
  "pr_auc_mean": 0.6963028118775627,
  "pr_auc_std": 0.004317004135545835,
  "mre_mean": 708.7646280924479,
  "mre_std": 30.867675868076734,
  "recon_var_mean": 29585931.333333332,
  "recon_var_std": 16389934.236886926,
  "train_kl_last_mean": 5.525232394536336,
  "train_kl_last_std": 2.0702823339895327,
  "train_total_last_mean": 891.9786173502604,
  "train_total_last_std": 64.93675994505529,
  "train_recon_last_mean": 886.4534301757812,
  "train_recon_last_std": 66.74193433193895,
  "val_kl_last_mean": 5.383322079976399,
  "val_kl_last_std": 1.9118705735777188,
  "val_total_last_mean": 703.9106038411459,
  "val_total_last_std": 21.07780794923313,
  "val_recon_last_mean": 698.5272216796875,
  "val_recon_last_std": 19.564193137392092,
  "threshold_mean": 1047.978739420573,
  "threshold_std": 21.70974814428553,
  "epochs_mean": 24.333333333333332,
  "epochs_std": 0.4714045207910317,
  "training_loss_curve_stability_mean": 17.971225590442714,
  "training_loss_curve_stability_std": 1.18812201431632,
  "accuracy_pct_mean": 29.913753281660206,
  "accuracy_pct_std": 0.18845324257245843,
  "precision_pct_mean": 68.59775204026982,
  "precision_pct_std": 1.8200053874039102,
  "recall_pct_mean": 7.915993715318851,
  "recall_pct_std": 0.11289406769674333,
  "dr_pct_mean": 7.915993715318851,
  "dr_pct_std": 0.11289406769674333,
  "f1_pct_mean": 14.191812499402637,
  "f1_pct_std": 0.14109215077205636,
  "seed": 2042
}