{
  "trial": 3,
  "lstm_units": 256,
  "attention_heads": 8,
  "dropout_rate": 0.2,
  "latent_dim": 64,
  "learning_rate": 0.0005,
  "batch_size": 128,
  "num_features_to_select": 30,
  "qubits": 2,
  "subsample_size": 50000,
  "time_steps": 10,
  "n_features_selected": 30,
  "val_best_accuracy": 0.763372004032135,
  "test_accuracy": 0.7604694585222727,
  "test_precision": 0.7461998678315543,
  "test_recall": 0.7604694585222727,
  "test_f1": 0.7420962085944357,
  "test_mse": 0.024339474737644196,
  "epochs_trained": 40
}