{
  "accuracy": 0.7604694585222727,
  "precision": 0.7461998678315543,
  "recall": 0.7604694585222727,
  "f1_score": 0.7420962085944357,
  "mse": 0.024339474737644196,
  "training_time_sec": 2135.8731977939606,
  "inference_time_sec": 2.8543591499328613,
  "qpso_time_sec": 127.94572496414185,
  "total_time_sec": 2266.6732819080353,
  "memory_mb": 6.791032791137695,
  "far_per_class": {
    "ARP Spoofing": 0.019060090208060248,
    "Benign": 0.004655222577829435,
    "DNS Flood": 0.016586643387166936,
    "Dictionary Attack": 0.010621271642659528,
    "ICMP Flood": 0.002618562700029057,
    "OS Scan": 0.08933507929579385,
    "Ping Sweep": 0.0894805761676111,
    "Port Scan": 0.0018914593336242995,
    "SYN Flood": 0.004364906154517614,
    "Slowloris": 0.007565837334497198,
    "UDP Flood": 0.01105776225811129,
    "Vulnerability Scan": 0.004073912410883107
  },
  "missed_detections_per_class": {
    "ARP Spoofing": {
      "count": 3,
      "rate": 0.004799999999999232
    },
    "Benign": {
      "count": 217,
      "rate": 0.3477564102563545
    },
    "DNS Flood": {
      "count": 32,
      "rate": 0.05119999999999181
    },
    "Dictionary Attack": {
      "count": 106,
      "rate": 0.16959999999997286
    },
    "ICMP Flood": {
      "count": 8,
      "rate": 0.012820512820510764
    },
    "OS Scan": {
      "count": 333,
      "rate": 0.5327999999999147
    },
    "Ping Sweep": {
      "count": 271,
      "rate": 0.4335999999999306
    },
    "Port Scan": {
      "count": 623,
      "rate": 0.9967999999998405
    },
    "SYN Flood": {
      "count": 0,
      "rate": 0.0
    },
    "Slowloris": {
      "count": 62,
      "rate": 0.09919999999998412
    },
    "UDP Flood": {
      "count": 124,
      "rate": 0.19839999999996824
    },
    "Vulnerability Scan": {
      "count": 17,
      "rate": 0.027199999999995648
    }
  },
  "auc_roc_per_class": {
    "ARP Spoofing": 0.9964182162083515,
    "Benign": 0.9557739867057586,
    "DNS Flood": 0.994000872981231,
    "Dictionary Attack": 0.9924341626655027,
    "ICMP Flood": 0.9997584730273121,
    "OS Scan": 0.9087080459770115,
    "Ping Sweep": 0.9217988069256511,
    "Port Scan": 0.9120082642223191,
    "SYN Flood": 0.99905508511567,
    "Slowloris": 0.9961647024588971,
    "UDP Flood": 0.9877987487269023,
    "Vulnerability Scan": 0.9978145205878073
  },
  "confusion_matrix": [
    [
      622,
      0,
      0,
      2,
      1,
      0,
      0,
      0,
      0,
      0,
      0,
      0
    ],
    [
      18,
      407,
      5,
      62,
      3,
      17,
      7,
      4,
      12,
      24,
      45,
      20
    ],
    [
      0,
      1,
      593,
      0,
      0,
      0,
      0,
      0,
      0,
      1,
      30,
      0
    ],
    [
      95,
      4,
      0,
      519,
      0,
      0,
      0,
      0,
      0,
      7,
      0,
      0
    ],
    [
      2,
      0,
      1,
      0,
      616,
      0,
      0,
      0,
      2,
      3,
      0,
      0
    ],
    [
      0,
      3,
      0,
      0,
      0,
      292,
      324,
      5,
      0,
      0,
      0,
      1
    ],
    [
      0,
      0,
      0,
      0,
      0,
      267,
      354,
      4,
      0,
      0,
      0,
      0
    ],
    [
      0,
      9,
      0,
      0,
      0,
      324,
      283,
      2,
      0,
      0,
      0,
      7
    ],
    [
      0,
      0,
      0,
      0,
      0,
      0,
      0,
      0,
      625,
      0,
      0,
      0
    ],
    [
      16,
      5,
      2,
      8,
      14,
      0,
      0,
      0,
      16,
      563,
      1,
      0
    ],
    [
      0,
      0,
      106,
      1,
      0,
      0,
      0,
      0,
      0,
      17,
      501,
      0
    ],
    [
      0,
      10,
      0,
      0,
      0,
      6,
      1,
      0,
      0,
      0,
      0,
      608
    ]
  ]
}