{
  "20": {
    "n_selected": 20,
    "prep_time": 5.158631086349487,
    "n_features": 20
  },
  "30": {
    "n_selected": 30,
    "prep_time": 138.0744228363037,
    "n_features": 30
  }
}