{
  "latent_dim": 16,
  "lstm_hidden": 64,
  "lstm_layers": 3,
  "dropout": 0.4,
  "lr": 0.001,
  "batch_size": 128,
  "threshold_method": "percentile_95",
  "accuracy_mean": 0.47635723782802175,
  "accuracy_std": 0.0014443636868013265,
  "precision_mean": 0.05308876357560568,
  "precision_std": 0.009169592948855663,
  "recall_mean": 0.0028,
  "recall_std": 0.0005567764362830022,
  "dr_mean": 0.0028,
  "dr_std": 0.0005567764362830022,
  "f1_mean": 0.005318545566786714,
  "f1_std": 0.0010492180179371665,
  "fpr_mean": 0.04987223544255247,
  "fpr_std": 0.0030334490408303453,
  "fnr_mean": 0.9971999999999998,
  "fnr_std": 0.0005567764362830227,
  "roc_auc_mean": 0.14739940828441228,
  "roc_auc_std": 0.0026731508200328762,
  "pr_auc_mean": 0.3296975851197964,
  "pr_auc_std": 0.0007894162439484978,
  "mre_mean": 660.249755859375,
  "mre_std": 28.296147672356994,
  "recon_var_mean": 9026109.0,
  "recon_var_std": 3394631.6069178553,
  "train_kl_last_mean": 15.714219093322754,
  "train_kl_last_std": 0.3225841915760311,
  "train_total_last_mean": 1044.255419921875,
  "train_total_last_std": 10.86699386923294,
  "train_recon_last_mean": 1028.5411743164063,
  "train_recon_last_std": 10.74441816505796,
  "val_kl_last_mean": 16.461971092224122,
  "val_kl_last_std": 1.716331456622772,
  "val_total_last_mean": 1029.202978515625,
  "val_total_last_std": 74.87811764264568,
  "val_recon_last_mean": 1012.7410034179687,
  "val_recon_last_std": 75.7014111546066,
  "threshold_mean": 2347.221826171875,
  "threshold_std": 27.06867517431465,
  "epochs_mean": 36.8,
  "epochs_std": 5.844655678480983,
  "training_loss_curve_stability_mean": 7.270817827812211,
  "training_loss_curve_stability_std": 0.36382063946738386,
  "accuracy_pct_mean": 47.63572378280218,
  "accuracy_pct_std": 0.14443636868013207,
  "precision_pct_mean": 5.308876357560568,
  "precision_pct_std": 0.9169592948855662,
  "recall_pct_mean": 0.27999999999999997,
  "recall_pct_std": 0.05567764362830023,
  "dr_pct_mean": 0.27999999999999997,
  "dr_pct_std": 0.05567764362830023,
  "f1_pct_mean": 0.5318545566786714,
  "f1_pct_std": 0.10492180179371662,
  "seed": 2042
}