{
  "accuracy": 0.8155436957971981,
  "precision": 0.8396997580253744,
  "recall": 0.8155436957971981,
  "f1_score": 0.8065669183844514,
  "mse": 0.02349191904067993,
  "training_time_sec": 590.665207862854,
  "inference_time_sec": 10.54712724685669,
  "qpso_time_sec": 1.0180377960205078,
  "total_time_sec": 602.2303729057312,
  "memory_mb": 1.8589248657226562,
  "far_per_class": {
    "ARP Spoofing": 0.01601164483260495,
    "Benign": 0.006186317321688275,
    "DNS Flood": 0.06477438136826548,
    "Dictionary Attack": 0.008369723435225313,
    "ICMP Flood": 0.01237263464337655,
    "OS Scan": 0.011276827937431382,
    "Ping Sweep": 0.025473071324598782,
    "Port Scan": 0.04328846853401079,
    "SYN Flood": 0.0029112081513827178,
    "Slowloris": 0.004002911208151237,
    "UDP Flood": 0.0036390101892283975,
    "Vulnerability Scan": 0.0029112081513827178
  },
  "missed_detections_per_class": {
    "ARP Spoofing": {
      "count": 1,
      "rate": 0.0039999999999984
    },
    "Benign": {
      "count": 81,
      "rate": 0.3239999999998704
    },
    "DNS Flood": {
      "count": 4,
      "rate": 0.0159999999999936
    },
    "Dictionary Attack": {
      "count": 39,
      "rate": 0.1559999999999376
    },
    "ICMP Flood": {
      "count": 1,
      "rate": 0.0039999999999984
    },
    "OS Scan": {
      "count": 125,
      "rate": 0.5020080321283125
    },
    "Ping Sweep": {
      "count": 1,
      "rate": 0.0039999999999984
    },
    "Port Scan": {
      "count": 78,
      "rate": 0.313253012048067
    },
    "SYN Flood": {
      "count": 0,
      "rate": 0.0
    },
    "Slowloris": {
      "count": 52,
      "rate": 0.2079999999999168
    },
    "UDP Flood": {
      "count": 159,
      "rate": 0.6359999999997457
    },
    "Vulnerability Scan": {
      "count": 12,
      "rate": 0.0479999999999808
    }
  },
  "auc_roc_per_class": {
    "ARP Spoofing": 0.9950917030567685,
    "Benign": 0.9432590975254731,
    "DNS Flood": 0.9812721979621543,
    "Dictionary Attack": 0.9912270742358079,
    "ICMP Flood": 0.9993129548762737,
    "OS Scan": 0.9742191757207075,
    "Ping Sweep": 0.9942634643377002,
    "Port Scan": 0.9366867250741782,
    "SYN Flood": 0.9992270742358078,
    "Slowloris": 0.9923799126637555,
    "UDP Flood": 0.9768311499272198,
    "Vulnerability Scan": 0.9978850072780203
  },
  "confusion_matrix": [
    [
      249,
      0,
      0,
      0,
      1,
      0,
      0,
      0,
      0,
      0,
      0,
      0
    ],
    [
      7,
      169,
      14,
      23,
      3,
      1,
      11,
      4,
      6,
      4,
      5,
      3
    ],
    [
      0,
      1,
      246,
      0,
      0,
      0,
      0,
      0,
      0,
      0,
      3,
      0
    ],
    [
      37,
      1,
      0,
      211,
      1,
      0,
      0,
      0,
      0,
      0,
      0,
      0
    ],
    [
      0,
      0,
      0,
      0,
      249,
      0,
      0,
      0,
      0,
      1,
      0,
      0
    ],
    [
      0,
      5,
      0,
      0,
      0,
      124,
      8,
      109,
      0,
      0,
      0,
      3
    ],
    [
      0,
      0,
      0,
      0,
      0,
      0,
      249,
      1,
      0,
      0,
      0,
      0
    ],
    [
      0,
      2,
      0,
      0,
      0,
      27,
      47,
      171,
      0,
      0,
      0,
      2
    ],
    [
      0,
      0,
      0,
      0,
      0,
      0,
      0,
      0,
      250,
      0,
      0,
      0
    ],
    [
      0,
      2,
      12,
      0,
      29,
      2,
      0,
      4,
      1,
      198,
      2,
      0
    ],
    [
      0,
      0,
      152,
      0,
      0,
      0,
      0,
      0,
      1,
      6,
      91,
      0
    ],
    [
      0,
      6,
      0,
      0,
      0,
      1,
      4,
      1,
      0,
      0,
      0,
      238
    ]
  ]
}