{
  "accuracy": 0.6677039342076017,
  "precision": 0.6436145394534821,
  "recall": 0.6677039342076017,
  "f1_score": 0.6278571519752753,
  "mse": 0.03107430785894394,
  "training_time_sec": 808.6868879795074,
  "inference_time_sec": 1.8824141025543213,
  "qpso_time_sec": 4.578898668289185,
  "total_time_sec": 815.148200750351,
  "memory_mb": 2.7607526779174805,
  "far_per_class": {
    "ARP Spoofing": 0.0026673132880697704,
    "Benign": 0.008001939864209311,
    "DNS Flood": 0.00775945683802115,
    "Dictionary Attack": 0.0557575757575744,
    "ICMP Flood": 0.006547041707080346,
    "OS Scan": 0.0,
    "Ping Sweep": 0.032735208535401725,
    "Port Scan": 0.0,
    "SYN Flood": 0.007516973811832989,
    "Slowloris": 0.0036372453928224142,
    "UDP Flood": 0.006547041707080346,
    "Vulnerability Scan": 0.23132880698350555
  },
  "missed_detections_per_class": {
    "ARP Spoofing": {
      "count": 214,
      "rate": 0.5706666666665146
    },
    "Benign": {
      "count": 87,
      "rate": 0.23199999999993814
    },
    "DNS Flood": {
      "count": 12,
      "rate": 0.031999999999991466
    },
    "Dictionary Attack": {
      "count": 10,
      "rate": 0.026737967914431355
    },
    "ICMP Flood": {
      "count": 10,
      "rate": 0.026666666666659556
    },
    "OS Scan": {
      "count": 375,
      "rate": 0.9999999999997333
    },
    "Ping Sweep": {
      "count": 298,
      "rate": 0.7946666666664548
    },
    "Port Scan": {
      "count": 375,
      "rate": 0.9999999999997333
    },
    "SYN Flood": {
      "count": 15,
      "rate": 0.039999999999989336
    },
    "Slowloris": {
      "count": 26,
      "rate": 0.06933333333331484
    },
    "UDP Flood": {
      "count": 27,
      "rate": 0.0719999999999808
    },
    "Vulnerability Scan": {
      "count": 46,
      "rate": 0.12266666666663396
    }
  },
  "auc_roc_per_class": {
    "ARP Spoofing": 0.9943006789524733,
    "Benign": 0.9694788231490463,
    "DNS Flood": 0.9985444552214678,
    "Dictionary Attack": 0.9934642683519689,
    "ICMP Flood": 0.9991677982541223,
    "OS Scan": 0.8639657290656322,
    "Ping Sweep": 0.896185903653411,
    "Port Scan": 0.8614080181053992,
    "SYN Flood": 0.9981868735855157,
    "Slowloris": 0.9921383769802781,
    "UDP Flood": 0.9971037827352085,
    "Vulnerability Scan": 0.8685085677335919
  },
  "confusion_matrix": [
    [
      161,
      0,
      0,
      214,
      0,
      0,
      0,
      0,
      0,
      0,
      0,
      0
    ],
    [
      8,
      288,
      5,
      15,
      2,
      0,
      3,
      0,
      9,
      12,
      16,
      17
    ],
    [
      0,
      1,
      363,
      0,
      0,
      0,
      0,
      0,
      0,
      1,
      10,
      0
    ],
    [
      3,
      6,
      0,
      364,
      0,
      0,
      0,
      0,
      0,
      1,
      0,
      0
    ],
    [
      0,
      0,
      0,
      0,
      365,
      0,
      0,
      0,
      10,
      0,
      0,
      0
    ],
    [
      0,
      4,
      0,
      0,
      0,
      0,
      63,
      0,
      0,
      0,
      0,
      308
    ],
    [
      0,
      0,
      0,
      0,
      0,
      0,
      77,
      0,
      0,
      0,
      0,
      298
    ],
    [
      0,
      9,
      0,
      0,
      0,
      0,
      35,
      0,
      0,
      0,
      0,
      331
    ],
    [
      0,
      0,
      0,
      0,
      15,
      0,
      0,
      0,
      360,
      0,
      0,
      0
    ],
    [
      0,
      1,
      2,
      0,
      10,
      0,
      0,
      0,
      12,
      349,
      1,
      0
    ],
    [
      0,
      0,
      25,
      1,
      0,
      0,
      0,
      0,
      0,
      1,
      348,
      0
    ],
    [
      0,
      12,
      0,
      0,
      0,
      0,
      34,
      0,
      0,
      0,
      0,
      329
    ]
  ]
}