{
  "trial": 0,
  "lstm_units": 256,
  "attention_heads": 2,
  "dropout_rate": 0.2,
  "latent_dim": 64,
  "learning_rate": 0.001,
  "batch_size": 32,
  "num_features_to_select": 20,
  "qubits": 2,
  "subsample_size": 30000,
  "time_steps": 10,
  "n_features_selected": 20,
  "val_best_accuracy": 0.660293459892273,
  "test_accuracy": 0.6677039342076017,
  "test_precision": 0.6436145394534821,
  "test_recall": 0.6677039342076017,
  "test_f1": 0.6278571519752753,
  "test_mse": 0.03107430785894394,
  "epochs_trained": 25
}