{
  "latent_dim": 16,
  "lstm_hidden": 64,
  "lstm_layers": 3,
  "dropout": 0.4,
  "lr": 0.001,
  "batch_size": 128,
  "threshold_method": "percentile_95",
  "accuracy_mean": 0.47607616719047485,
  "accuracy_std": 0.002347060084432423,
  "precision_mean": 0.06071936596565656,
  "precision_std": 0.014695125466114145,
  "recall_mean": 0.003266666666666667,
  "recall_std": 0.0007717224601860149,
  "dr_mean": 0.003266666666666667,
  "dr_std": 0.0007717224601860149,
  "f1_mean": 0.0061976041638555175,
  "f1_std": 0.0014621494767489696,
  "fpr_mean": 0.05083041912347477,
  "fpr_std": 0.004594910250725419,
  "fnr_mean": 0.996733333333333,
  "fnr_std": 0.0007717224601859971,
  "roc_auc_mean": 0.15118332071701612,
  "roc_auc_std": 0.006111755798363269,
  "pr_auc_mean": 0.33067716563172905,
  "pr_auc_std": 0.0017085786877004015,
  "mre_mean": 646.1039428710938,
  "mre_std": 25.815120319513532,
  "recon_var_mean": 7585780.0,
  "recon_var_std": 1920074.5907455783,
  "train_kl_last_mean": 16.225026321411132,
  "train_kl_last_std": 0.7892980824565028,
  "train_total_last_mean": 1061.6209716796875,
  "train_total_last_std": 21.926981027066976,
  "train_recon_last_mean": 1045.3961059570313,
  "train_recon_last_std": 22.092883833763786,
  "val_kl_last_mean": 16.178093910217285,
  "val_kl_last_std": 1.2177587536736945,
  "val_total_last_mean": 1068.4346557617187,
  "val_total_last_std": 90.51073978222433,
  "val_recon_last_mean": 1052.2565673828126,
  "val_recon_last_std": 89.9115297238917,
  "threshold_mean": 2340.45908203125,
  "threshold_std": 68.81975650025348,
  "epochs_mean": 45.4,
  "epochs_std": 4.029888335921977,
  "training_loss_curve_stability_mean": 9.83706676145235,
  "training_loss_curve_stability_std": 1.9506273107200112,
  "accuracy_pct_mean": 47.607616719047485,
  "accuracy_pct_std": 0.234706008443242,
  "precision_pct_mean": 6.0719365965656555,
  "precision_pct_std": 1.4695125466114145,
  "recall_pct_mean": 0.32666666666666666,
  "recall_pct_std": 0.07717224601860148,
  "dr_pct_mean": 0.32666666666666666,
  "dr_pct_std": 0.07717224601860148,
  "f1_pct_mean": 0.6197604163855518,
  "f1_pct_std": 0.14621494767489696,
  "seed": 2042
}