{
  "latent_dim": 16,
  "lstm_hidden": 64,
  "lstm_layers": 2,
  "dropout": 0.0,
  "lr": 0.0005,
  "batch_size": 64,
  "threshold_method": "mean_std_2",
  "accuracy_mean": 0.26842788161020126,
  "accuracy_std": 0.0006281811910692746,
  "precision_mean": 0.6121694397556466,
  "precision_std": 0.11146224921650687,
  "recall_mean": 0.0019349579686057012,
  "recall_std": 0.0010828723444048503,
  "dr_mean": 0.0019349579686057012,
  "dr_std": 0.0010828723444048503,
  "f1_mean": 0.003855364638380329,
  "f1_std": 0.002152318358931398,
  "fpr_mean": 0.00295644778365538,
  "fpr_std": 0.0009596224331806526,
  "fnr_mean": 0.9980650420313942,
  "fnr_std": 0.0010828723444048433,
  "roc_auc_mean": 0.43248698662676516,
  "roc_auc_std": 0.014752866092398715,
  "pr_auc_mean": 0.6998511412262415,
  "pr_auc_std": 0.009595722177581216,
  "mre_mean": 703.1531168619791,
  "mre_std": 20.99629852374464,
  "recon_var_mean": 28566731.666666668,
  "recon_var_std": 14795239.569203699,
  "train_kl_last_mean": 7.606702168782552,
  "train_kl_last_std": 1.3712327922217282,
  "train_total_last_mean": 839.5442097981771,
  "train_total_last_std": 39.484174287726844,
  "train_recon_last_mean": 831.9374186197916,
  "train_recon_last_std": 40.838870732532776,
  "val_kl_last_mean": 7.670867125193278,
  "val_kl_last_std": 1.4775622888204476,
  "val_total_last_mean": 732.8922932942709,
  "val_total_last_std": 112.25826311020273,
  "val_recon_last_mean": 725.221435546875,
  "val_recon_last_std": 112.10662201990324,
  "threshold_mean": 13903.2724609375,
  "threshold_std": 3896.5703019604553,
  "epochs_mean": 28.0,
  "epochs_std": 4.96655480858378,
  "training_loss_curve_stability_mean": 16.936540844888317,
  "training_loss_curve_stability_std": 2.216655915176125,
  "accuracy_pct_mean": 26.842788161020128,
  "accuracy_pct_std": 0.06281811910692817,
  "precision_pct_mean": 61.21694397556467,
  "precision_pct_std": 11.146224921650688,
  "recall_pct_mean": 0.19349579686057014,
  "recall_pct_std": 0.10828723444048505,
  "dr_pct_mean": 0.19349579686057014,
  "dr_pct_std": 0.10828723444048505,
  "f1_pct_mean": 0.3855364638380328,
  "f1_pct_std": 0.21523183589313977,
  "seed": 42
}