{
  "latent_dim": 16,
  "lstm_hidden": 64,
  "lstm_layers": 2,
  "dropout": 0.0,
  "lr": 0.0005,
  "batch_size": 64,
  "threshold_method": "percentile_99",
  "accuracy_mean": 0.2711779024461391,
  "accuracy_std": 0.0012120565392462542,
  "precision_mean": 0.6751185322613894,
  "precision_std": 0.017926151475827427,
  "recall_mean": 0.008706859099420448,
  "recall_std": 0.002581023564123078,
  "dr_mean": 0.008706859099420448,
  "dr_std": 0.002581023564123078,
  "f1_mean": 0.017176193782571087,
  "f1_std": 0.00503961024672447,
  "fpr_mean": 0.011202666372713855,
  "fpr_std": 0.0024992542593788056,
  "fnr_mean": 0.9912931409005794,
  "fnr_std": 0.0025810235641230816,
  "roc_auc_mean": 0.434439484871175,
  "roc_auc_std": 0.01058382351698678,
  "pr_auc_mean": 0.6998480148305068,
  "pr_auc_std": 0.006749151039782269,
  "mre_mean": 684.2961018880209,
  "mre_std": 68.22227873235565,
  "recon_var_mean": 27165844.833333332,
  "recon_var_std": 24936341.533626262,
  "train_kl_last_mean": 9.725162029266357,
  "train_kl_last_std": 2.34296367534689,
  "train_total_last_mean": 793.0125732421875,
  "train_total_last_std": 100.67436780668659,
  "train_recon_last_mean": 783.2874552408854,
  "train_recon_last_std": 102.94405104925276,
  "val_kl_last_mean": 9.607013861338297,
  "val_kl_last_std": 2.309675062679118,
  "val_total_last_mean": 851.490478515625,
  "val_total_last_std": 182.51423469563986,
  "val_recon_last_mean": 841.8834838867188,
  "val_recon_last_std": 180.94727310931276,
  "threshold_mean": 6010.195638020833,
  "threshold_std": 835.8432277702327,
  "epochs_mean": 30.333333333333332,
  "epochs_std": 6.599663291074443,
  "training_loss_curve_stability_mean": 14.754468165662871,
  "training_loss_curve_stability_std": 4.156070653795346,
  "accuracy_pct_mean": 27.11779024461391,
  "accuracy_pct_std": 0.12120565392462482,
  "precision_pct_mean": 67.51185322613894,
  "precision_pct_std": 1.7926151475827405,
  "recall_pct_mean": 0.8706859099420449,
  "recall_pct_std": 0.25810235641230783,
  "dr_pct_mean": 0.8706859099420449,
  "dr_pct_std": 0.25810235641230783,
  "f1_pct_mean": 1.7176193782571085,
  "f1_pct_std": 0.5039610246724469,
  "seed": 1042
}