{
  "latent_dim": 16,
  "lstm_hidden": 64,
  "lstm_layers": 2,
  "dropout": 0.0,
  "lr": 0.0005,
  "batch_size": 64,
  "threshold_method": "percentile_90",
  "accuracy_mean": 0.3017212099429096,
  "accuracy_std": 0.005381674559034274,
  "precision_mean": 0.6937206949973924,
  "precision_std": 0.03254466124505334,
  "recall_mean": 0.0830300182497158,
  "recall_std": 0.003184892828713932,
  "dr_mean": 0.0830300182497158,
  "dr_std": 0.003184892828713932,
  "f1_mean": 0.14830784256685317,
  "f1_std": 0.005818880071061359,
  "fpr_mean": 0.10035707132959469,
  "fpr_std": 0.0114472331970067,
  "fnr_mean": 0.9169699817502841,
  "fnr_std": 0.0031848928287139615,
  "roc_auc_mean": 0.43248698662676516,
  "roc_auc_std": 0.014752866092398715,
  "pr_auc_mean": 0.6998511412262415,
  "pr_auc_std": 0.009595722177581216,
  "mre_mean": 703.1531168619791,
  "mre_std": 20.99629852374464,
  "recon_var_mean": 28566731.666666668,
  "recon_var_std": 14795239.569203699,
  "train_kl_last_mean": 7.606702168782552,
  "train_kl_last_std": 1.3712327922217282,
  "train_total_last_mean": 839.5442097981771,
  "train_total_last_std": 39.484174287726844,
  "train_recon_last_mean": 831.9374186197916,
  "train_recon_last_std": 40.838870732532776,
  "val_kl_last_mean": 7.670867125193278,
  "val_kl_last_std": 1.4775622888204476,
  "val_total_last_mean": 732.8922932942709,
  "val_total_last_std": 112.25826311020273,
  "val_recon_last_mean": 725.221435546875,
  "val_recon_last_std": 112.10662201990324,
  "threshold_mean": 1020.6295979817709,
  "threshold_std": 14.353127373759937,
  "epochs_mean": 28.0,
  "epochs_std": 4.96655480858378,
  "training_loss_curve_stability_mean": 16.936541489436042,
  "training_loss_curve_stability_std": 2.216656148983193,
  "accuracy_pct_mean": 30.172120994290953,
  "accuracy_pct_std": 0.5381674559034275,
  "precision_pct_mean": 69.37206949973924,
  "precision_pct_std": 3.2544661245053312,
  "recall_pct_mean": 8.30300182497158,
  "recall_pct_std": 0.31848928287139305,
  "dr_pct_mean": 8.30300182497158,
  "dr_pct_std": 0.31848928287139305,
  "f1_pct_mean": 14.830784256685318,
  "f1_pct_std": 0.5818880071061359,
  "seed": 42
}