{
  "latent_dim": 8,
  "lstm_hidden": 256,
  "lstm_layers": 1,
  "dropout": 0.2,
  "lr": 0.0001,
  "batch_size": 128,
  "threshold_method": "mean_std_3",
  "accuracy_mean": 0.4981827692633667,
  "accuracy_std": 0.0003889205198911389,
  "precision_mean": 0.23826212590299276,
  "precision_std": 0.04638985779244804,
  "recall_mean": 0.0016,
  "recall_std": 0.0005734883511361752,
  "dr_mean": 0.0016,
  "dr_std": 0.0005734883511361752,
  "f1_mean": 0.0031774995033035233,
  "f1_std": 0.0011353580965290883,
  "fpr_mean": 0.004936357482736627,
  "fpr_std": 0.0011440758392797497,
  "fnr_mean": 0.9983999999999996,
  "fnr_std": 0.000573488351136192,
  "roc_auc_mean": 0.08562686184847176,
  "roc_auc_std": 0.0042245676978863,
  "pr_auc_mean": 0.3169758087442901,
  "pr_auc_std": 0.0005755970169354731,
  "mre_mean": 555.5711303710938,
  "mre_std": 26.955906570276944,
  "recon_var_mean": 6018143.1,
  "recon_var_std": 1437448.2238009616,
  "train_kl_last_mean": 14.950479316711426,
  "train_kl_last_std": 0.10798329866368522,
  "train_total_last_mean": 947.2023803710938,
  "train_total_last_std": 12.225087274357367,
  "train_recon_last_mean": 932.2519409179688,
  "train_recon_last_std": 12.230909656812262,
  "val_kl_last_mean": 15.065392684936523,
  "val_kl_last_std": 0.3680854769294095,
  "val_total_last_mean": 908.085009765625,
  "val_total_last_std": 59.29887659808868,
  "val_recon_last_mean": 893.0196044921875,
  "val_recon_last_std": 59.20222524285425,
  "threshold_mean": 9568.444140625,
  "threshold_std": 265.22300994382465,
  "epochs_mean": 50.0,
  "epochs_std": 0.0,
  "training_loss_curve_stability_mean": 7.037575884142948,
  "training_loss_curve_stability_std": 0.8241107933120376,
  "accuracy_pct_mean": 49.81827692633667,
  "accuracy_pct_std": 0.0388920519891126,
  "precision_pct_mean": 23.826212590299274,
  "precision_pct_std": 4.638985779244805,
  "recall_pct_mean": 0.16,
  "recall_pct_std": 0.05734883511361752,
  "dr_pct_mean": 0.16,
  "dr_pct_std": 0.05734883511361752,
  "f1_pct_mean": 0.31774995033035236,
  "f1_pct_std": 0.11353580965290881,
  "seed": 5042
}