{
  "latent_dim": 64,
  "lstm_hidden": 128,
  "lstm_layers": 2,
  "dropout": 0.0,
  "lr": 0.0005,
  "batch_size": 64,
  "threshold_method": "percentile_95",
  "accuracy_mean": 0.4759571065412934,
  "accuracy_std": 0.002612850387391884,
  "precision_mean": 0.06512572611629244,
  "precision_std": 0.02600777207479199,
  "recall_mean": 0.00355,
  "recall_std": 0.001469693845669907,
  "dr_mean": 0.00355,
  "dr_std": 0.001469693845669907,
  "f1_mean": 0.006730974459578536,
  "f1_std": 0.002778753223283994,
  "fpr_mean": 0.05142307337714869,
  "fpr_std": 0.004486427064444819,
  "fnr_mean": 0.9964499999999997,
  "fnr_std": 0.00146969384566989,
  "roc_auc_mean": 0.08580403206104177,
  "roc_auc_std": 0.0037312198928078568,
  "pr_auc_mean": 0.31736454593667107,
  "pr_auc_std": 0.0008930228668025392,
  "mre_mean": 518.0494323730469,
  "mre_std": 29.231477607612607,
  "recon_var_mean": 6898261.3,
  "recon_var_std": 1892090.2397472907,
  "train_kl_last_mean": 33.4670051574707,
  "train_kl_last_std": 8.801011948109554,
  "train_total_last_mean": 973.8097290039062,
  "train_total_last_std": 65.1983529228126,
  "train_recon_last_mean": 940.3428588867188,
  "train_recon_last_std": 59.955593279734124,
  "val_kl_last_mean": 30.724775314331055,
  "val_kl_last_std": 4.608017648123605,
  "val_total_last_mean": 939.838916015625,
  "val_total_last_std": 51.39017751343772,
  "val_recon_last_mean": 909.1140991210938,
  "val_recon_last_std": 47.81805005662536,
  "threshold_mean": 1645.9016357421874,
  "threshold_std": 109.72778142427634,
  "epochs_mean": 30.6,
  "epochs_std": 7.172168430816443,
  "training_loss_curve_stability_mean": 56.02145509811779,
  "training_loss_curve_stability_std": 27.37149913714404,
  "accuracy_pct_mean": 47.59571065412934,
  "accuracy_pct_std": 0.26128503873918846,
  "precision_pct_mean": 6.512572611629244,
  "precision_pct_std": 2.600777207479199,
  "recall_pct_mean": 0.355,
  "recall_pct_std": 0.14696938456699069,
  "dr_pct_mean": 0.355,
  "dr_pct_std": 0.14696938456699069,
  "f1_pct_mean": 0.6730974459578537,
  "f1_pct_std": 0.2778753223283994,
  "seed": 4042
}