{
  "class_names": [
    "Attack",
    "Benign"
  ],
  "num_classes": 2,
  "subsample_size": 80000,
  "n_selected": 40,
  "qpso_time_sec": 20.301252603530884,
  "qpso_mem_mb": 24.831157684326172,
  "X_train": [
    55993,
    10,
    40
  ],
  "X_test": [
    11999,
    10,
    40
  ]
}