{
  "latent_dim": 16,
  "lstm_hidden": 64,
  "lstm_layers": 1,
  "dropout": 0.2,
  "lr": 0.001,
  "batch_size": 128,
  "threshold_method": "youden",
  "accuracy_mean": 0.2693863139142393,
  "accuracy_std": 0.0015262994938175618,
  "precision_mean": 0.6473429951690821,
  "precision_std": 0.02732779830672644,
  "recall_mean": 0.005691079137174313,
  "recall_std": 0.0061423433661056326,
  "dr_mean": 0.005691079137174313,
  "dr_std": 0.0061423433661056326,
  "f1_mean": 0.011157417709122089,
  "f1_std": 0.01197759905346967,
  "fpr_mean": 0.009648158532350563,
  "fpr_std": 0.011030332701623721,
  "fnr_mean": 0.9943089208628256,
  "fnr_std": 0.0061423433661056456,
  "roc_auc_mean": 0.4395090486129618,
  "roc_auc_std": 0.011748457347808496,
  "pr_auc_mean": 0.703928995726273,
  "pr_auc_std": 0.009059263891463111,
  "mre_mean": 698.6805013020834,
  "mre_std": 36.54232652173351,
  "recon_var_mean": 29624897.5,
  "recon_var_std": 21691729.042406566,
  "train_kl_last_mean": 14.547163327534994,
  "train_kl_last_std": 1.4100556466638254,
  "train_total_last_mean": 830.8322550455729,
  "train_total_last_std": 65.46552176830386,
  "train_recon_last_mean": 816.2851155598959,
  "train_recon_last_std": 65.47622544082995,
  "val_kl_last_mean": 14.760368982950846,
  "val_kl_last_std": 0.8563720539165542,
  "val_total_last_mean": 746.8612263997396,
  "val_total_last_std": 90.35914989680005,
  "val_recon_last_mean": 732.100830078125,
  "val_recon_last_std": 91.16854960745269,
  "threshold_mean": 16697.514729817707,
  "threshold_std": 13305.67579907952,
  "epochs_mean": 32.333333333333336,
  "epochs_std": 3.7712361663282534,
  "training_loss_curve_stability_mean": 10.481180312801401,
  "training_loss_curve_stability_std": 5.993079736555671,
  "accuracy_pct_mean": 26.93863139142393,
  "accuracy_pct_std": 0.15262994938175545,
  "precision_pct_mean": 64.73429951690821,
  "precision_pct_std": 2.7327798306726394,
  "recall_pct_mean": 0.5691079137174313,
  "recall_pct_std": 0.6142343366105633,
  "dr_pct_mean": 0.5691079137174313,
  "dr_pct_std": 0.6142343366105633,
  "f1_pct_mean": 1.1157417709122088,
  "f1_pct_std": 1.1977599053469667,
  "seed": 7042
}