{
  "latent_dim": 64,
  "lstm_hidden": 64,
  "lstm_layers": 2,
  "dropout": 0.4,
  "lr": 0.0001,
  "batch_size": 32,
  "threshold_method": "percentile_95",
  "accuracy_mean": 0.4764321377881663,
  "accuracy_std": 0.0013954357568499722,
  "precision_mean": 0.052580316857576394,
  "precision_std": 0.006873754669537067,
  "recall_mean": 0.0027500000000000003,
  "recall_std": 0.0003535533905932738,
  "dr_mean": 0.0027500000000000003,
  "dr_std": 0.0003535533905932738,
  "f1_mean": 0.00522591601734366,
  "f1_std": 0.0006693715810043324,
  "fpr_mean": 0.04967258573022444,
  "fpr_std": 0.0027374152153788814,
  "fnr_mean": 0.9972499999999996,
  "fnr_std": 0.0003535533905932662,
  "roc_auc_mean": 0.14293875482377347,
  "roc_auc_std": 0.00208423448034341,
  "pr_auc_mean": 0.32865596838610966,
  "pr_auc_std": 0.000522106201023752,
  "mre_mean": 634.1429565429687,
  "mre_std": 35.74516547222809,
  "recon_var_mean": 8229510.6,
  "recon_var_std": 4112086.408689212,
  "train_kl_last_mean": 23.327660369873048,
  "train_kl_last_std": 1.7176245629566638,
  "train_total_last_mean": 1030.5490478515626,
  "train_total_last_std": 8.553511704904208,
  "train_recon_last_mean": 1007.2214111328125,
  "train_recon_last_std": 7.703207799822433,
  "val_kl_last_mean": 24.268226623535156,
  "val_kl_last_std": 1.1068431696646357,
  "val_total_last_mean": 958.1470336914062,
  "val_total_last_std": 63.79319152392533,
  "val_recon_last_mean": 933.8787841796875,
  "val_recon_last_std": 63.46013764700702,
  "threshold_mean": 2199.241064453125,
  "threshold_std": 30.91304338566092,
  "epochs_mean": 51.0,
  "epochs_std": 6.099180272790763,
  "training_loss_curve_stability_mean": 7.476271085457503,
  "training_loss_curve_stability_std": 3.3561518504518864,
  "accuracy_pct_mean": 47.64321377881662,
  "accuracy_pct_std": 0.13954357568499642,
  "precision_pct_mean": 5.258031685757639,
  "precision_pct_std": 0.6873754669537068,
  "recall_pct_mean": 0.275,
  "recall_pct_std": 0.03535533905932738,
  "dr_pct_mean": 0.275,
  "dr_pct_std": 0.03535533905932738,
  "f1_pct_mean": 0.5225916017343659,
  "f1_pct_std": 0.06693715810043326,
  "seed": 3042
}