{
  "trial": 0,
  "lstm_units": 256,
  "attention_heads": 2,
  "dropout_rate": 0.2,
  "latent_dim": 64,
  "learning_rate": 0.001,
  "batch_size": 32,
  "num_features_to_select": 20,
  "qubits": 2,
  "feature_method": "variance",
  "subsample_size": 20000,
  "time_steps": 10,
  "n_features_selected": 20,
  "val_best_accuracy": 0.5215215086936951,
  "test_accuracy": 0.5126751167444963,
  "test_precision": 0.5404709451072917,
  "test_recall": 0.5126751167444963,
  "test_f1": 0.4750568523787028,
  "test_mse": 0.04729503020644188,
  "epochs_trained": 15
}