{
  "accuracy": 0.5126751167444963,
  "precision": 0.5404709451072917,
  "recall": 0.5126751167444963,
  "f1_score": 0.4750568523787028,
  "mse": 0.04729503020644188,
  "training_time_sec": 572.9302124977112,
  "inference_time_sec": 12.968930959701538,
  "qpso_time_sec": 0.0,
  "total_time_sec": 585.8991434574127,
  "memory_mb": 0.0,
  "far_per_class": {
    "ARP Spoofing": 0.01310043668122223,
    "Benign": 0.002547307132459878,
    "DNS Flood": 0.11499272197961735,
    "Dictionary Attack": 0.0531295487627346,
    "ICMP Flood": 0.0047307132459969165,
    "OS Scan": 0.0502000727537268,
    "Ping Sweep": 0.19032023289664518,
    "Port Scan": 0.05165514732629859,
    "SYN Flood": 0.030931586608441378,
    "Slowloris": 0.010553129548762353,
    "UDP Flood": 0.009461426491993833,
    "Vulnerability Scan": 0.0
  },
  "missed_detections_per_class": {
    "ARP Spoofing": {
      "count": 127,
      "rate": 0.5079999999997968
    },
    "Benign": {
      "count": 169,
      "rate": 0.6759999999997296
    },
    "DNS Flood": {
      "count": 32,
      "rate": 0.1279999999999488
    },
    "Dictionary Attack": {
      "count": 20,
      "rate": 0.079999999999968
    },
    "ICMP Flood": {
      "count": 37,
      "rate": 0.14799999999994082
    },
    "OS Scan": {
      "count": 206,
      "rate": 0.827309236947459
    },
    "Ping Sweep": {
      "count": 56,
      "rate": 0.2239999999999104
    },
    "Port Scan": {
      "count": 198,
      "rate": 0.795180722891247
    },
    "SYN Flood": {
      "count": 6,
      "rate": 0.0239999999999904
    },
    "Slowloris": {
      "count": 138,
      "rate": 0.5519999999997792
    },
    "UDP Flood": {
      "count": 222,
      "rate": 0.8879999999996449
    },
    "Vulnerability Scan": {
      "count": 250,
      "rate": 0.9999999999996001
    }
  },
  "auc_roc_per_class": {
    "ARP Spoofing": 0.9815633187772926,
    "Benign": 0.844419213973799,
    "DNS Flood": 0.942566229985444,
    "Dictionary Attack": 0.9758558951965065,
    "ICMP Flood": 0.9920291120815138,
    "OS Scan": 0.8612872735028874,
    "Ping Sweep": 0.896825327510917,
    "Port Scan": 0.852502041633248,
    "SYN Flood": 0.9953231441048035,
    "Slowloris": 0.943065502183406,
    "UDP Flood": 0.9124177583697234,
    "Vulnerability Scan": 0.8643609898107714
  },
  "confusion_matrix": [
    [
      123,
      0,
      1,
      126,
      0,
      0,
      0,
      0,
      0,
      0,
      0,
      0
    ],
    [
      18,
      81,
      11,
      20,
      3,
      7,
      38,
      54,
      10,
      8,
      0,
      0
    ],
    [
      0,
      1,
      218,
      0,
      0,
      0,
      0,
      0,
      3,
      18,
      10,
      0
    ],
    [
      18,
      0,
      1,
      230,
      0,
      0,
      0,
      0,
      1,
      0,
      0,
      0
    ],
    [
      0,
      0,
      7,
      0,
      213,
      0,
      0,
      0,
      26,
      0,
      4,
      0
    ],
    [
      0,
      4,
      0,
      0,
      0,
      43,
      173,
      29,
      0,
      0,
      0,
      0
    ],
    [
      0,
      0,
      0,
      0,
      0,
      30,
      194,
      26,
      0,
      0,
      0,
      0
    ],
    [
      0,
      0,
      0,
      0,
      0,
      46,
      152,
      51,
      0,
      0,
      0,
      0
    ],
    [
      0,
      0,
      0,
      0,
      4,
      0,
      0,
      0,
      244,
      0,
      2,
      0
    ],
    [
      0,
      0,
      119,
      0,
      0,
      0,
      0,
      0,
      9,
      112,
      10,
      0
    ],
    [
      0,
      0,
      177,
      0,
      6,
      0,
      0,
      0,
      36,
      3,
      28,
      0
    ],
    [
      0,
      2,
      0,
      0,
      0,
      55,
      160,
      33,
      0,
      0,
      0,
      0
    ]
  ]
}