{
  "latent_dim": 16,
  "lstm_hidden": 128,
  "lstm_layers": 2,
  "dropout": 0.2,
  "lr": 0.001,
  "batch_size": 64,
  "threshold_method": "mean_std_2",
  "accuracy_mean": 0.26880290244613914,
  "accuracy_std": 0.0006136918391915552,
  "precision_mean": 0.6676245210727969,
  "precision_std": 0.06687168458125313,
  "recall_mean": 0.0037561017380608615,
  "recall_std": 0.0035074206384577335,
  "dr_mean": 0.0037561017380608615,
  "dr_std": 0.0035074206384577335,
  "f1_mean": 0.007424096013417407,
  "f1_std": 0.006897038610892262,
  "fpr_mean": 0.00653572986201791,
  "fpr_std": 0.00726268868243185,
  "fnr_mean": 0.9962438982619389,
  "fnr_std": 0.003507420638457727,
  "roc_auc_mean": 0.43851388693758203,
  "roc_auc_std": 0.008664821427942582,
  "pr_auc_mean": 0.7030264631932486,
  "pr_auc_std": 0.006509113720423955,
  "mre_mean": 704.5028279622396,
  "mre_std": 29.079247707272668,
  "recon_var_mean": 28868583.5,
  "recon_var_std": 20630588.233590834,
  "train_kl_last_mean": 8.043956438700357,
  "train_kl_last_std": 1.920116851301169,
  "train_total_last_mean": 866.5841878255209,
  "train_total_last_std": 89.2826007857405,
  "train_recon_last_mean": 858.5402221679688,
  "train_recon_last_std": 91.08524064403223,
  "val_kl_last_mean": 7.879979928334554,
  "val_kl_last_std": 2.4991234866059355,
  "val_total_last_mean": 768.6821899414062,
  "val_total_last_std": 76.35540336096993,
  "val_recon_last_mean": 760.8021647135416,
  "val_recon_last_std": 76.79060701150051,
  "threshold_mean": 13218.205403645834,
  "threshold_std": 5269.606471099874,
  "epochs_mean": 23.0,
  "epochs_std": 4.546060565661952,
  "training_loss_curve_stability_mean": 34.94722092088492,
  "training_loss_curve_stability_std": 23.36825715232598,
  "accuracy_pct_mean": 26.880290244613906,
  "accuracy_pct_std": 0.06136918391915552,
  "precision_pct_mean": 66.76245210727969,
  "precision_pct_std": 6.687168458125314,
  "recall_pct_mean": 0.37561017380608613,
  "recall_pct_std": 0.35074206384577333,
  "dr_pct_mean": 0.37561017380608613,
  "dr_pct_std": 0.35074206384577333,
  "f1_pct_mean": 0.7424096013417406,
  "f1_pct_std": 0.6897038610892262,
  "seed": 7042
}