{
  "latent_dim": 32,
  "lstm_hidden": 128,
  "lstm_layers": 1,
  "dropout": 0.2,
  "lr": 0.0005,
  "batch_size": 128,
  "threshold_method": "percentile_70",
  "accuracy_mean": 0.36134814768512724,
  "accuracy_std": 0.004115245280012361,
  "precision_mean": 0.6842537340876224,
  "precision_std": 0.011989854390152347,
  "recall_mean": 0.23748008348667404,
  "recall_std": 0.0012547928498536317,
  "dr_mean": 0.23748008348667404,
  "dr_std": 0.0012547928498536317,
  "f1_mean": 0.35255543204005796,
  "f1_std": 0.0008227884280811108,
  "fpr_mean": 0.29998653684525595,
  "fpr_std": 0.01830309133136845,
  "fnr_mean": 0.7625199165133258,
  "fnr_std": 0.0012547928498536204,
  "roc_auc_mean": 0.43600468402456044,
  "roc_auc_std": 0.014504341325233875,
  "pr_auc_mean": 0.702498833280429,
  "pr_auc_std": 0.007501963252794713,
  "mre_mean": 691.8961791992188,
  "mre_std": 47.13889054278702,
  "recon_var_mean": 29626530.666666668,
  "recon_var_std": 18615612.051138394,
  "train_kl_last_mean": 17.232406616210938,
  "train_kl_last_std": 0.8003750510388231,
  "train_total_last_mean": 774.5019124348959,
  "train_total_last_std": 87.4607134387005,
  "train_recon_last_mean": 757.26953125,
  "train_recon_last_std": 86.70907049067752,
  "val_kl_last_mean": 17.003790537516277,
  "val_kl_last_std": 0.0925626535576252,
  "val_total_last_mean": 871.0392252604166,
  "val_total_last_std": 166.85657961664626,
  "val_recon_last_mean": 854.0354410807291,
  "val_recon_last_std": 166.89541759902423,
  "threshold_mean": 574.8189697265625,
  "threshold_std": 8.891606979466227,
  "epochs_mean": 35.0,
  "epochs_std": 0.0,
  "training_loss_curve_stability_mean": 7.362854134761908,
  "training_loss_curve_stability_std": 4.616271058846551,
  "accuracy_pct_mean": 36.13481476851273,
  "accuracy_pct_std": 0.41152452800123707,
  "precision_pct_mean": 68.42537340876224,
  "precision_pct_std": 1.1989854390152341,
  "recall_pct_mean": 23.7480083486674,
  "recall_pct_std": 0.12547928498536406,
  "dr_pct_mean": 23.7480083486674,
  "dr_pct_std": 0.12547928498536406,
  "f1_pct_mean": 35.2555432040058,
  "f1_pct_std": 0.08227884280811097,
  "seed": 5042
}